pyg_index,smiles,stage,reason
,O=N([O-])C1=C(CN=C1NCCSCc2ncccc2)Cc3ccccc3,pyg_loader(raw_row=59),rdkit_parse_failed
,c1(nc(NC(N)=[NH2])sc1)CSCCNC(=[NH]C#N)NC,pyg_loader(raw_row=61),rdkit_parse_failed
,Cc1nc(sc1)\[NH]=C(\N)N,pyg_loader(raw_row=391),rdkit_parse_failed
,s1cc(CSCCN\C(NC)=[NH]\C#N)nc1\[NH]=C(\N)N,pyg_loader(raw_row=614),rdkit_parse_failed
,c1c(c(ncc1)CSCCN\C(=[NH]\C#N)NCC)Br,pyg_loader(raw_row=642),rdkit_parse_failed
,n1c(csc1\[NH]=C(\N)N)c1ccccc1,pyg_loader(raw_row=645),rdkit_parse_failed
,n1c(csc1\[NH]=C(\N)N)c1cccc(c1)N,pyg_loader(raw_row=646),rdkit_parse_failed
,n1c(csc1\[NH]=C(\N)N)c1cccc(c1)NC(C)=O,pyg_loader(raw_row=647),rdkit_parse_failed
,n1c(csc1\[NH]=C(\N)N)c1cccc(c1)N\C(NC)=[NH]\C#N,pyg_loader(raw_row=648),rdkit_parse_failed
,s1cc(nc1\[NH]=C(\N)N)C,pyg_loader(raw_row=649),rdkit_parse_failed
,c1(cc(N\C(=[NH]\c2cccc(c2)CC)C)ccc1)CC,pyg_loader(raw_row=685),rdkit_parse_failed
