descriptor,kept,drop_reason,train_inf_to_nan,train_float32_overflow_to_nan,train_converted_to_nan_total,train_rdkit_exception_nan,train_nan_fraction_after_conversion,all_converted_to_nan_total
MaxAbsEStateIndex,True,,0,0,0,0,0.0,0
MaxEStateIndex,True,,0,0,0,0,0.0,0
MinAbsEStateIndex,True,,0,0,0,0,0.0,0
MinEStateIndex,True,,0,0,0,0,0.0,0
qed,True,,0,0,0,0,0.0,0
SPS,True,,0,0,0,0,0.0,0
MolWt,True,,0,0,0,0,0.0,0
HeavyAtomMolWt,True,,0,0,0,0,0.0,0
ExactMolWt,True,,0,0,0,0,0.0,0
NumValenceElectrons,True,,0,0,0,0,0.0,0
NumRadicalElectrons,False,constant_on_train,0,0,0,0,0.0,0
MaxPartialCharge,True,,0,0,0,0,0.0,0
MinPartialCharge,True,,0,0,0,0,0.0,0
MaxAbsPartialCharge,True,,0,0,0,0,0.0,0
MinAbsPartialCharge,True,,0,0,0,0,0.0,0
FpDensityMorgan1,True,,0,0,0,0,0.0,0
FpDensityMorgan2,True,,0,0,0,0,0.0,0
FpDensityMorgan3,True,,0,0,0,0,0.0,0
BCUT2D_MWHI,True,,0,0,0,0,0.0,0
BCUT2D_MWLOW,True,,0,0,0,0,0.0,0
BCUT2D_CHGHI,True,,0,0,0,0,0.0,0
BCUT2D_CHGLO,True,,0,0,0,0,0.0,0
BCUT2D_LOGPHI,True,,0,0,0,0,0.0,0
BCUT2D_LOGPLOW,True,,0,0,0,0,0.0,0
BCUT2D_MRHI,True,,0,0,0,0,0.0,0
BCUT2D_MRLOW,True,,0,0,0,0,0.0,0
AvgIpc,True,,0,0,0,0,0.0,0
BalabanJ,True,,0,0,0,0,0.0,0
BertzCT,True,,0,0,0,0,0.0,0
Chi0,True,,0,0,0,0,0.0,0
Chi0n,True,,0,0,0,0,0.0,0
Chi0v,True,,0,0,0,0,0.0,0
Chi1,True,,0,0,0,0,0.0,0
Chi1n,True,,0,0,0,0,0.0,0
Chi1v,True,,0,0,0,0,0.0,0
Chi2n,True,,0,0,0,0,0.0,0
Chi2v,True,,0,0,0,0,0.0,0
Chi3n,True,,0,0,0,0,0.0,0
Chi3v,True,,0,0,0,0,0.0,0
Chi4n,True,,0,0,0,0,0.0,0
Chi4v,True,,0,0,0,0,0.0,0
HallKierAlpha,True,,0,0,0,0,0.0,0
Ipc,True,,0,0,0,0,0.0,0
Kappa1,True,,0,0,0,0,0.0,0
Kappa2,True,,0,0,0,0,0.0,0
Kappa3,True,,0,0,0,0,0.0,0
LabuteASA,True,,0,0,0,0,0.0,0
PEOE_VSA1,True,,0,0,0,0,0.0,0
PEOE_VSA10,True,,0,0,0,0,0.0,0
PEOE_VSA11,True,,0,0,0,0,0.0,0
PEOE_VSA12,True,,0,0,0,0,0.0,0
PEOE_VSA13,True,,0,0,0,0,0.0,0
PEOE_VSA14,True,,0,0,0,0,0.0,0
PEOE_VSA2,True,,0,0,0,0,0.0,0
PEOE_VSA3,True,,0,0,0,0,0.0,0
PEOE_VSA4,True,,0,0,0,0,0.0,0
PEOE_VSA5,True,,0,0,0,0,0.0,0
PEOE_VSA6,True,,0,0,0,0,0.0,0
PEOE_VSA7,True,,0,0,0,0,0.0,0
PEOE_VSA8,True,,0,0,0,0,0.0,0
PEOE_VSA9,True,,0,0,0,0,0.0,0
SMR_VSA1,True,,0,0,0,0,0.0,0
SMR_VSA10,True,,0,0,0,0,0.0,0
SMR_VSA2,True,,0,0,0,0,0.0,0
SMR_VSA3,True,,0,0,0,0,0.0,0
SMR_VSA4,True,,0,0,0,0,0.0,0
SMR_VSA5,True,,0,0,0,0,0.0,0
SMR_VSA6,True,,0,0,0,0,0.0,0
SMR_VSA7,True,,0,0,0,0,0.0,0
SMR_VSA8,False,constant_on_train,0,0,0,0,0.0,0
SMR_VSA9,True,,0,0,0,0,0.0,0
SlogP_VSA1,True,,0,0,0,0,0.0,0
SlogP_VSA10,True,,0,0,0,0,0.0,0
SlogP_VSA11,True,,0,0,0,0,0.0,0
SlogP_VSA12,True,,0,0,0,0,0.0,0
SlogP_VSA2,True,,0,0,0,0,0.0,0
SlogP_VSA3,True,,0,0,0,0,0.0,0
SlogP_VSA4,True,,0,0,0,0,0.0,0
SlogP_VSA5,True,,0,0,0,0,0.0,0
SlogP_VSA6,True,,0,0,0,0,0.0,0
SlogP_VSA7,True,,0,0,0,0,0.0,0
SlogP_VSA8,True,,0,0,0,0,0.0,0
SlogP_VSA9,False,constant_on_train,0,0,0,0,0.0,0
TPSA,True,,0,0,0,0,0.0,0
EState_VSA1,True,,0,0,0,0,0.0,0
EState_VSA10,True,,0,0,0,0,0.0,0
EState_VSA11,True,,0,0,0,0,0.0,0
EState_VSA2,True,,0,0,0,0,0.0,0
EState_VSA3,True,,0,0,0,0,0.0,0
EState_VSA4,True,,0,0,0,0,0.0,0
EState_VSA5,True,,0,0,0,0,0.0,0
EState_VSA6,True,,0,0,0,0,0.0,0
EState_VSA7,True,,0,0,0,0,0.0,0
EState_VSA8,True,,0,0,0,0,0.0,0
EState_VSA9,True,,0,0,0,0,0.0,0
VSA_EState1,True,,0,0,0,0,0.0,0
VSA_EState10,True,,0,0,0,0,0.0,0
VSA_EState2,True,,0,0,0,0,0.0,0
VSA_EState3,True,,0,0,0,0,0.0,0
VSA_EState4,True,,0,0,0,0,0.0,0
VSA_EState5,True,,0,0,0,0,0.0,0
VSA_EState6,True,,0,0,0,0,0.0,0
VSA_EState7,True,,0,0,0,0,0.0,0
VSA_EState8,True,,0,0,0,0,0.0,0
VSA_EState9,True,,0,0,0,0,0.0,0
FractionCSP3,True,,0,0,0,0,0.0,0
HeavyAtomCount,True,,0,0,0,0,0.0,0
NHOHCount,True,,0,0,0,0,0.0,0
NOCount,True,,0,0,0,0,0.0,0
NumAliphaticCarbocycles,True,,0,0,0,0,0.0,0
NumAliphaticHeterocycles,True,,0,0,0,0,0.0,0
NumAliphaticRings,True,,0,0,0,0,0.0,0
NumAmideBonds,True,,0,0,0,0,0.0,0
NumAromaticCarbocycles,True,,0,0,0,0,0.0,0
NumAromaticHeterocycles,True,,0,0,0,0,0.0,0
NumAromaticRings,True,,0,0,0,0,0.0,0
NumAtomStereoCenters,True,,0,0,0,0,0.0,0
NumBridgeheadAtoms,True,,0,0,0,0,0.0,0
NumHAcceptors,True,,0,0,0,0,0.0,0
NumHDonors,True,,0,0,0,0,0.0,0
NumHeteroatoms,True,,0,0,0,0,0.0,0
NumHeterocycles,True,,0,0,0,0,0.0,0
NumRotatableBonds,True,,0,0,0,0,0.0,0
NumSaturatedCarbocycles,True,,0,0,0,0,0.0,0
NumSaturatedHeterocycles,True,,0,0,0,0,0.0,0
NumSaturatedRings,True,,0,0,0,0,0.0,0
NumSpiroAtoms,False,constant_on_train,0,0,0,0,0.0,0
NumUnspecifiedAtomStereoCenters,True,,0,0,0,0,0.0,0
Phi,True,,0,0,0,0,0.0,0
RingCount,True,,0,0,0,0,0.0,0
MolLogP,True,,0,0,0,0,0.0,0
MolMR,True,,0,0,0,0,0.0,0
fr_Al_COO,False,constant_on_train,0,0,0,0,0.0,0
fr_Al_OH,True,,0,0,0,0,0.0,0
fr_Al_OH_noTert,True,,0,0,0,0,0.0,0
fr_ArN,True,,0,0,0,0,0.0,0
fr_Ar_COO,False,constant_on_train,0,0,0,0,0.0,0
fr_Ar_N,True,,0,0,0,0,0.0,0
fr_Ar_NH,True,,0,0,0,0,0.0,0
fr_Ar_OH,True,,0,0,0,0,0.0,0
fr_COO,False,constant_on_train,0,0,0,0,0.0,0
fr_COO2,False,constant_on_train,0,0,0,0,0.0,0
fr_C_O,True,,0,0,0,0,0.0,0
fr_C_O_noCOO,True,,0,0,0,0,0.0,0
fr_C_S,True,,0,0,0,0,0.0,0
fr_HOCCN,False,constant_on_train,0,0,0,0,0.0,0
fr_Imine,True,,0,0,0,0,0.0,0
fr_NH0,True,,0,0,0,0,0.0,0
fr_NH1,True,,0,0,0,0,0.0,0
fr_NH2,True,,0,0,0,0,0.0,0
fr_N_O,True,,0,0,0,0,0.0,0
fr_Ndealkylation1,True,,0,0,0,0,0.0,0
fr_Ndealkylation2,False,constant_on_train,0,0,0,0,0.0,0
fr_Nhpyrrole,True,,0,0,0,0,0.0,0
fr_SH,True,,0,0,0,0,0.0,0
fr_aldehyde,True,,0,0,0,0,0.0,0
fr_alkyl_carbamate,True,,0,0,0,0,0.0,0
fr_alkyl_halide,True,,0,0,0,0,0.0,0
fr_allylic_oxid,True,,0,0,0,0,0.0,0
fr_amide,True,,0,0,0,0,0.0,0
fr_amidine,False,constant_on_train,0,0,0,0,0.0,0
fr_aniline,True,,0,0,0,0,0.0,0
fr_aryl_methyl,True,,0,0,0,0,0.0,0
fr_azide,False,constant_on_train,0,0,0,0,0.0,0
fr_azo,False,constant_on_train,0,0,0,0,0.0,0
fr_barbitur,True,,0,0,0,0,0.0,0
fr_benzene,True,,0,0,0,0,0.0,0
fr_benzodiazepine,True,,0,0,0,0,0.0,0
fr_bicyclic,True,,0,0,0,0,0.0,0
fr_diazo,False,constant_on_train,0,0,0,0,0.0,0
fr_dihydropyridine,False,constant_on_train,0,0,0,0,0.0,0
fr_epoxide,False,constant_on_train,0,0,0,0,0.0,0
fr_ester,True,,0,0,0,0,0.0,0
fr_ether,True,,0,0,0,0,0.0,0
fr_furan,True,,0,0,0,0,0.0,0
fr_guanido,True,,0,0,0,0,0.0,0
fr_halogen,True,,0,0,0,0,0.0,0
fr_hdrzine,True,,0,0,0,0,0.0,0
fr_hdrzone,False,constant_on_train,0,0,0,0,0.0,0
fr_imidazole,True,,0,0,0,0,0.0,0
fr_imide,True,,0,0,0,0,0.0,0
fr_isocyan,False,constant_on_train,0,0,0,0,0.0,0
fr_isothiocyan,False,constant_on_train,0,0,0,0,0.0,0
fr_ketone,True,,0,0,0,0,0.0,0
fr_ketone_Topliss,True,,0,0,0,0,0.0,0
fr_lactam,False,constant_on_train,0,0,0,0,0.0,0
fr_lactone,False,constant_on_train,0,0,0,0,0.0,0
fr_methoxy,True,,0,0,0,0,0.0,0
fr_morpholine,False,constant_on_train,0,0,0,0,0.0,0
fr_nitrile,True,,0,0,0,0,0.0,0
fr_nitro,True,,0,0,0,0,0.0,0
fr_nitro_arom,True,,0,0,0,0,0.0,0
fr_nitro_arom_nonortho,True,,0,0,0,0,0.0,0
fr_nitroso,False,constant_on_train,0,0,0,0,0.0,0
fr_oxazole,True,,0,0,0,0,0.0,0
fr_oxime,True,,0,0,0,0,0.0,0
fr_para_hydroxylation,True,,0,0,0,0,0.0,0
fr_phenol,True,,0,0,0,0,0.0,0
fr_phenol_noOrthoHbond,True,,0,0,0,0,0.0,0
fr_phos_acid,True,,0,0,0,0,0.0,0
fr_phos_ester,True,,0,0,0,0,0.0,0
fr_piperdine,False,constant_on_train,0,0,0,0,0.0,0
fr_piperzine,False,constant_on_train,0,0,0,0,0.0,0
fr_priamide,True,,0,0,0,0,0.0,0
fr_prisulfonamd,True,,0,0,0,0,0.0,0
fr_pyridine,True,,0,0,0,0,0.0,0
fr_quatN,False,constant_on_train,0,0,0,0,0.0,0
fr_sulfide,True,,0,0,0,0,0.0,0
fr_sulfonamd,True,,0,0,0,0,0.0,0
fr_sulfone,True,,0,0,0,0,0.0,0
fr_term_acetylene,True,,0,0,0,0,0.0,0
fr_tetrazole,False,constant_on_train,0,0,0,0,0.0,0
fr_thiazole,True,,0,0,0,0,0.0,0
fr_thiocyan,False,constant_on_train,0,0,0,0,0.0,0
fr_thiophene,False,constant_on_train,0,0,0,0,0.0,0
fr_unbrch_alkane,True,,0,0,0,0,0.0,0
fr_urea,True,,0,0,0,0,0.0,0
