dataset,experiment,metric,role,method,default,median,ci_low,ci_high,median_improvement,impr_ci_low,impr_ci_high,pct_seeds_beating_default,pct_seeds_tied,p_raw,p_holm,conclusion
ESOL,A,RMSE,primary,Random,0.8888489094425559,0.923906687910431,0.9141272071292171,0.9306103718824215,-0.03505777846787511,-0.041761462439865504,-0.025278297686661233,3.3333333333333335,0.0,1.30385160446167e-08,6.51925802230835e-08,worse
ESOL,A,RMSE,primary,TPE,0.8888489094425559,0.9187698498751566,0.9051968072810197,0.9282784160674287,-0.029920940432600684,-0.03942950662487282,-0.0163478978384638,6.666666666666667,0.0,1.862645149230957e-08,7.450580596923828e-08,worse
ESOL,A,RMSE,primary,GWO,0.8888489094425559,0.9162831994292727,0.9047956635297896,0.9285357750151106,-0.02743428998671682,-0.039686865572554686,-0.015946754087233728,10.0,0.0,4.7124922275543213e-07,1.4137476682662964e-06,worse
ESOL,A,RMSE,primary,WOA,0.8888489094425559,0.9109774923304255,0.8955261413522277,0.9233284028777847,-0.022128582887869508,-0.034479493435228825,-0.006677231909671788,16.666666666666664,0.0,1.597777009010315e-05,1.597777009010315e-05,worse
ESOL,A,RMSE,primary,PSO,0.8888489094425559,0.9159557160676387,0.9046603582462098,0.9251272538262899,-0.027106806625082802,-0.03627834438373401,-0.01581144880365387,6.666666666666667,0.0,6.910413503646851e-07,1.4137476682662964e-06,worse
ESOL,A,MAE,secondary,Random,0.6579149563228135,0.6927514405080439,0.6850491026653373,0.7027879597256537,-0.03483648418523039,-0.04487300340284017,-0.027134146342523757,0.0,0.0,1.862645149230957e-09,9.313225746154785e-09,worse
ESOL,A,MAE,secondary,TPE,0.6579149563228135,0.6902529004532678,0.68311543487408,0.6989856331271276,-0.03233794413045438,-0.04107067680431409,-0.025200478551266448,0.0,0.0,1.862645149230957e-09,9.313225746154785e-09,worse
ESOL,A,MAE,secondary,GWO,0.6579149563228135,0.6875945754777805,0.6800737582237782,0.6970842011783898,-0.029679619154966974,-0.039169244855576324,-0.02215880190096477,0.0,0.0,1.862645149230957e-09,9.313225746154785e-09,worse
ESOL,A,MAE,secondary,WOA,0.6579149563228135,0.6888405386754106,0.6826723941923243,0.6931445598272623,-0.03092558235259707,-0.035229603504448814,-0.02475743786951079,0.0,0.0,1.862645149230957e-09,9.313225746154785e-09,worse
ESOL,A,MAE,secondary,PSO,0.6579149563228135,0.6914765381932143,0.6832044662297827,0.6966212466853646,-0.033561581870400814,-0.03870629036255113,-0.02528950990696921,3.3333333333333335,0.0,4.6566128730773926e-08,4.6566128730773926e-08,worse
ESOL,A,R2,secondary,Random,0.7932225710717846,0.776589556793955,0.77333520748881,0.7812939857977852,-0.016633014277829594,-0.01988736358297455,-0.01192858527399937,3.3333333333333335,0.0,1.30385160446167e-08,6.51925802230835e-08,worse
ESOL,A,R2,secondary,TPE,0.7932225710717846,0.7790650643387935,0.7744702946419377,0.7855450485357189,-0.014157506732991154,-0.018752276429846892,-0.0076775225360657395,6.666666666666667,0.0,1.862645149230957e-08,7.450580596923828e-08,worse
ESOL,A,R2,secondary,GWO,0.7932225710717846,0.780261203118601,0.7743452262109184,0.7857351193366373,-0.012961367953183589,-0.01887734486086623,-0.007487451735147255,10.0,0.0,4.7124922275543213e-07,1.4137476682662964e-06,worse
ESOL,A,R2,secondary,WOA,0.7932225710717846,0.7827982880997726,0.7768689184237333,0.7901041852491637,-0.010424282972012089,-0.01635365264805133,-0.003118385822620917,16.666666666666664,0.0,1.3966113328933716e-05,1.3966113328933716e-05,worse
ESOL,A,R2,secondary,PSO,0.7932225710717846,0.7804173764902176,0.7759960746618795,0.7858005295404328,-0.012805194581567092,-0.017226496409905145,-0.007422041531351842,6.666666666666667,0.0,6.910413503646851e-07,1.4137476682662964e-06,worse
ESOL,B,RMSE,primary,Random,0.8888489094425559,0.9209370090425171,0.8984881322395668,0.9408651191407745,-0.03208809959996112,-0.05201620969821863,-0.009639222797010849,23.333333333333332,0.0,0.0009517744183540344,0.0028553232550621033,worse
ESOL,B,RMSE,primary,TPE,0.8888489094425559,0.9004917224580236,0.8926836850260481,0.910377494933183,-0.011642813015467657,-0.021528585490627083,-0.0038347755834922115,30.0,0.0,0.029325857758522034,0.029325857758522034,worse
ESOL,B,RMSE,primary,GWO,0.8888489094425559,0.9187959760919509,0.9040403197319008,0.934996338153963,-0.029947066649394893,-0.04614742871140709,-0.015191410289344898,26.666666666666668,0.0,0.00018860027194023132,0.0009430013597011566,worse
ESOL,B,RMSE,primary,WOA,0.8888489094425559,0.91791925404171,0.897456541972635,0.9346947688387143,-0.029070344599154085,-0.04584585939615837,-0.008607632530079123,26.666666666666668,0.0,0.0006665531545877457,0.0026662126183509827,worse
ESOL,B,RMSE,primary,PSO,0.8888489094425559,0.9050661733854304,0.8923291468361039,0.9129448216555507,-0.016217263942874538,-0.02409591221299484,-0.0034802373935480246,30.0,0.0,0.0027663204818964005,0.005532640963792801,worse
ESOL,B,MAE,secondary,Random,0.6579149563228135,0.6964799815014137,0.6805082237331477,0.7099616924482108,-0.038565025178600165,-0.0520467361253974,-0.022593267410334184,10.0,0.0,1.6838312149047852e-06,3.3676624298095703e-06,worse
ESOL,B,MAE,secondary,TPE,0.6579149563228135,0.686755166314872,0.6685886437699726,0.6932652123865828,-0.028840209992058496,-0.03535025606376935,-0.01067368744715913,23.333333333333332,0.0,1.218356192111969e-05,1.218356192111969e-05,worse
ESOL,B,MAE,secondary,GWO,0.6579149563228135,0.6962383477495306,0.6758270741366179,0.7058966395206157,-0.0383233914267172,-0.04798168319780216,-0.017912117813804473,10.0,0.0,2.0489096641540527e-07,8.195638656616211e-07,worse
ESOL,B,MAE,secondary,WOA,0.6579149563228135,0.691887503011828,0.6815090228894116,0.7203086414085949,-0.033972546689014504,-0.06239368508578136,-0.02359406656659807,10.0,0.0,2.551823854446411e-07,8.195638656616211e-07,worse
ESOL,B,MAE,secondary,PSO,0.6579149563228135,0.6827303718412872,0.6777632736180603,0.6934574039702395,-0.024815415518473716,-0.03554244764742592,-0.019848317295246887,6.666666666666667,0.0,8.009374141693115e-08,4.0046870708465576e-07,worse
ESOL,B,R2,secondary,Random,0.7932225710717846,0.7780232553943798,0.7683097010025433,0.7887131087840389,-0.01519931567740479,-0.02491287006924131,-0.00450946228774568,23.333333333333332,0.0,0.0006665531545877457,0.0026662126183509827,worse
ESOL,B,R2,secondary,TPE,0.7932225710717846,0.7877699995841144,0.7830843874470623,0.7914344965566877,-0.005452571487670199,-0.010138183624722241,-0.001788074515096827,30.0,0.0,0.023410143330693245,0.023410143330693245,worse
ESOL,B,R2,secondary,GWO,0.7932225710717846,0.7790541824708823,0.7711924942057494,0.7860904841943706,-0.01416838860090236,-0.022030076866035198,-0.007132086877414012,26.666666666666668,0.0,0.00018860027194023132,0.0009430013597011566,worse
ESOL,B,R2,secondary,WOA,0.7932225710717846,0.7794757652900512,0.7713384375881274,0.7891972799743834,-0.013746805781733429,-0.021884133483657198,-0.004025291097401185,26.666666666666668,0.0,0.0006665531545877457,0.0026662126183509827,worse
ESOL,B,R2,secondary,PSO,0.7932225710717846,0.7856061909201968,0.7818565427805545,0.7915988194011192,-0.0076163801515878315,-0.011366028291230124,-0.0016237516706653632,30.0,0.0,0.002560090273618698,0.005120180547237396,worse
FreeSolv,A,RMSE,primary,Random,2.810794041033477,2.6112265142989726,2.459617506082181,2.729193219390573,0.19956752673450473,0.08160082164290428,0.35117653495129586,83.33333333333334,0.0,2.6885420083999634e-05,2.6885420083999634e-05,better
FreeSolv,A,RMSE,primary,TPE,2.810794041033477,2.5147170500423215,2.4799657501347045,2.5564627308445464,0.2960769909911556,0.2543313101889304,0.33082829089877275,90.0,0.0,1.30385160446167e-07,3.91155481338501e-07,better
FreeSolv,A,RMSE,primary,GWO,2.810794041033477,2.45582189495267,2.3676637402997986,2.516137118755793,0.35497214608080707,0.29465692227768425,0.44313030073367865,96.66666666666667,0.0,9.313225746154785e-09,3.725290298461914e-08,better
FreeSolv,A,RMSE,primary,WOA,2.810794041033477,2.602675492083118,2.5328661114900575,2.6425357635786613,0.20811854895035897,0.1682582774548158,0.2779279295434198,93.33333333333333,0.0,1.1920928955078125e-06,2.384185791015625e-06,better
FreeSolv,A,RMSE,primary,PSO,2.810794041033477,2.489739060310794,2.4243255705856317,2.564448811966718,0.32105498072268346,0.24634522906675915,0.3864684704478456,100.0,0.0,1.862645149230957e-09,9.313225746154785e-09,better
FreeSolv,A,MAE,secondary,Random,1.8626767871471552,1.7266125492751598,1.6665847755395449,1.837941136218321,0.13606423787199529,0.02473565092883434,0.19609201160761047,80.0,0.0,9.90256667137146e-05,9.90256667137146e-05,better
FreeSolv,A,MAE,secondary,TPE,1.8626767871471552,1.6979270845651626,1.6470171539256206,1.7518285331459573,0.16474970258199262,0.11084825400119802,0.21565963322153459,86.66666666666667,0.0,2.551823854446411e-07,7.655471563339233e-07,better
FreeSolv,A,MAE,secondary,GWO,1.8626767871471552,1.6593961527714363,1.6050900218578485,1.684948503283354,0.20328063437571897,0.17772828386380124,0.2575867652893067,93.33333333333333,0.0,1.862645149230957e-08,7.450580596923828e-08,better
FreeSolv,A,MAE,secondary,WOA,1.8626767871471552,1.7334594550041054,1.6689021354684463,1.7688775604160933,0.12921733214304998,0.093799226731062,0.1937746516787089,90.0,0.0,3.7904828786849976e-06,7.580965757369995e-06,better
FreeSolv,A,MAE,secondary,PSO,1.8626767871471552,1.6805866025961362,1.6413877959434804,1.7211010352923322,0.182090184551019,0.14157575185482318,0.22128899120367496,100.0,0.0,1.862645149230957e-09,9.313225746154785e-09,better
FreeSolv,A,R2,secondary,Random,0.6446831792065952,0.693340068866843,0.6649616156393432,0.7279193500195869,0.04865688966024778,0.02027843643274796,0.08323617081299162,83.33333333333334,0.0,5.5925920605659485e-05,5.5925920605659485e-05,better
FreeSolv,A,R2,secondary,TPE,0.6446831792065952,0.7155958220020933,0.7060683080536949,0.7234019557637517,0.07091264279549803,0.061385128847099735,0.07871877655715637,90.0,0.0,1.30385160446167e-07,3.91155481338501e-07,better
FreeSolv,A,R2,secondary,GWO,0.6446831792065952,0.7287476373636933,0.7152735614748906,0.7478716166285408,0.08406445815709807,0.07059038226829545,0.10318843742194567,96.66666666666667,0.0,9.313225746154785e-09,3.725290298461914e-08,better
FreeSolv,A,R2,secondary,WOA,0.6446831792065952,0.6953523853661299,0.6859490013148777,0.7114586729080498,0.050669206159534685,0.041265822108282446,0.06677549370145452,93.33333333333333,0.0,1.991167664527893e-06,3.982335329055786e-06,better
FreeSolv,A,R2,secondary,PSO,0.6446831792065952,0.7212158653651473,0.7042163504258756,0.7356737740498444,0.07653268615855208,0.05953317121928037,0.09099059484324912,100.0,0.0,1.862645149230957e-09,9.313225746154785e-09,better
FreeSolv,B,RMSE,primary,Random,2.810794041033477,2.4561328179754,2.3655069999702842,2.568364625586632,0.354661223058077,0.24242941544684493,0.44528704106319283,93.33333333333333,0.0,2.60770320892334e-08,1.043081283569336e-07,better
FreeSolv,B,RMSE,primary,TPE,2.810794041033477,2.464266078475646,2.3780682545438534,2.5827239768296746,0.34652796255783147,0.22807006420380227,0.43272578648962345,93.33333333333333,0.0,2.60770320892334e-08,1.043081283569336e-07,better
FreeSolv,B,RMSE,primary,GWO,2.810794041033477,2.4254597830345546,2.283652671796311,2.5223748973082856,0.38533425799892274,0.2884191437251915,0.5271413692371658,90.0,0.0,1.6391277313232422e-07,3.2782554626464844e-07,better
FreeSolv,B,RMSE,primary,WOA,2.810794041033477,2.544227158227371,2.405038106328729,2.6111855704324247,0.2665668828061061,0.19960847060105213,0.40575593470474813,93.33333333333333,0.0,3.2391399145126343e-06,3.2391399145126343e-06,better
FreeSolv,B,RMSE,primary,PSO,2.810794041033477,2.3900655653444662,2.339817988812068,2.5044340656805186,0.42072847568901084,0.30635997535295867,0.47097605222140926,96.66666666666667,0.0,3.725290298461914e-09,1.862645149230957e-08,better
FreeSolv,B,MAE,secondary,Random,1.8626767871471552,1.6842888686519402,1.6445641194398588,1.7762869769564045,0.17838791849521496,0.08638981019075076,0.21811266770729654,90.0,0.0,3.2391399145126343e-06,9.717419743537903e-06,better
FreeSolv,B,MAE,secondary,TPE,1.8626767871471552,1.7306954640608567,1.6373944508341642,1.7568892428393545,0.1319813230862985,0.10578754430780053,0.2252823363129911,93.33333333333333,0.0,8.326023817062378e-07,3.330409526824951e-06,better
FreeSolv,B,MAE,secondary,GWO,1.8626767871471552,1.670642890379979,1.6349457486317707,1.7444845670690905,0.1920338967671763,0.11819222007806474,0.22773103851538457,86.66666666666667,0.0,5.144625902175903e-06,1.0289251804351807e-05,better
FreeSolv,B,MAE,secondary,WOA,1.8626767871471552,1.763132084447604,1.6760021209716798,1.8024964002462536,0.09954470269955129,0.06018038690090177,0.18667466617547557,83.33333333333334,0.0,0.0003449581563472748,0.0003449581563472748,better
FreeSolv,B,MAE,secondary,PSO,1.8626767871471552,1.7089147878380921,1.628808865065758,1.7507728782983927,0.15376199930906298,0.11190390884876267,0.23386792208139717,90.0,0.0,3.1478703022003174e-07,1.5739351511001587e-06,better
FreeSolv,B,R2,secondary,Random,0.6446831792065952,0.7286920518693809,0.7033260841902262,0.7483135676962344,0.08400887266278573,0.058642904983631006,0.10363038848963912,93.33333333333333,0.0,2.60770320892334e-08,1.043081283569336e-07,better
FreeSolv,B,R2,secondary,TPE,0.6446831792065952,0.726890479814204,0.6999960882575778,0.7456631180665614,0.08220730060760867,0.05531290905098252,0.10097993885996615,93.33333333333333,0.0,2.60770320892334e-08,1.043081283569336e-07,better
FreeSolv,B,R2,secondary,GWO,0.6446831792065952,0.7354267798239872,0.7136567433622086,0.7654193004350353,0.09074360061739195,0.0689735641556134,0.12073612122844002,90.0,0.0,1.6391277313232422e-07,3.2782554626464844e-07,better
FreeSolv,B,R2,secondary,WOA,0.6446831792065952,0.7088768954541611,0.6933560742894269,0.7398390970041022,0.06419371624756581,0.04867289508283168,0.09515591779750704,93.33333333333333,0.0,3.2391399145126343e-06,3.2391399145126343e-06,better
FreeSolv,B,R2,secondary,PSO,0.6446831792065952,0.7430872537795309,0.7179015946655984,0.753780394104357,0.09840407457293565,0.0732184154590032,0.10909721489776186,96.66666666666667,0.0,3.725290298461914e-09,1.862645149230957e-08,better
Lipophilicity,A,RMSE,primary,Random,0.7600322212025565,0.7291762694587478,0.7264937300486396,0.7344815780642311,0.030855951743808674,0.025550643138325446,0.033538491153916994,93.33333333333333,0.0,1.30385160446167e-08,3.91155481338501e-08,better
Lipophilicity,A,RMSE,primary,TPE,0.7600322212025565,0.7252527664562378,0.7203278208670321,0.7297835353295794,0.03477945474631866,0.030248685872977188,0.03970440033552447,100.0,0.0,1.862645149230957e-09,9.313225746154785e-09,better
Lipophilicity,A,RMSE,primary,GWO,0.7600322212025565,0.7261758778791696,0.7235503656336537,0.7278717016403132,0.033856343323386995,0.032160519562243306,0.03648185556890282,100.0,0.0,1.862645149230957e-09,9.313225746154785e-09,better
Lipophilicity,A,RMSE,primary,WOA,0.7600322212025565,0.727326407960651,0.7232669870551732,0.7313873224597839,0.03270581324190558,0.02864489874277265,0.03676523414738331,90.0,0.0,4.6566128730773926e-08,5.21540641784668e-08,better
Lipophilicity,A,RMSE,primary,PSO,0.7600322212025565,0.7284295044746887,0.7223151361910345,0.7300449516750196,0.03160271672786785,0.02998726952753694,0.037717085011522045,90.0,0.0,2.60770320892334e-08,5.21540641784668e-08,better
Lipophilicity,A,MAE,secondary,Random,0.5810782860446211,0.552962952345011,0.5488726020031165,0.5576695517553683,0.028115333699610112,0.023408734289252886,0.03220568404150459,96.66666666666667,0.0,5.587935447692871e-09,1.1175870895385742e-08,better
Lipophilicity,A,MAE,secondary,TPE,0.5810782860446211,0.545846941330958,0.5399084523237044,0.5502682155486018,0.03523134471366307,0.030810070496019193,0.04116983372091665,100.0,0.0,1.862645149230957e-09,9.313225746154785e-09,better
Lipophilicity,A,MAE,secondary,GWO,0.5810782860446211,0.5477092482881354,0.5459883606212402,0.5493929535350097,0.03336903775648564,0.031685332509611364,0.03508992542338085,100.0,0.0,1.862645149230957e-09,9.313225746154785e-09,better
Lipophilicity,A,MAE,secondary,WOA,0.5810782860446211,0.5488179635389574,0.5447208276151547,0.5517232831911227,0.03226032250566363,0.02935500285349829,0.036357458429466416,93.33333333333333,0.0,1.862645149230957e-08,1.862645149230957e-08,better
Lipophilicity,A,MAE,secondary,PSO,0.5810782860446211,0.5492989145845751,0.5461366241686934,0.5535489190857681,0.031779371460045946,0.027529366958853052,0.03494166187592773,100.0,0.0,1.862645149230957e-09,9.313225746154785e-09,better
Lipophilicity,A,R2,secondary,Random,0.6006716622923919,0.632437462896784,0.6270687334370251,0.6351368147813223,0.03176580060439216,0.026397071144633244,0.03446515248893045,93.33333333333333,0.0,1.30385160446167e-08,3.91155481338501e-08,better
Lipophilicity,A,R2,secondary,TPE,0.6006716622923919,0.636382296941466,0.6318250091935962,0.6413039618324945,0.03571063464907409,0.03115334690120425,0.04063229954010256,100.0,0.0,1.862645149230957e-09,9.313225746154785e-09,better
Lipophilicity,A,R2,secondary,GWO,0.6006716622923919,0.6354560356385741,0.6337514151962691,0.6380874347317709,0.03478437334618223,0.03307975290387721,0.037415772439378936,100.0,0.0,1.862645149230957e-09,9.313225746154785e-09,better
Lipophilicity,A,R2,secondary,WOA,0.6006716622923919,0.6342994554402062,0.6302043225521825,0.6383701253111407,0.03362779314781433,0.029532660259790677,0.037698463018748796,90.0,0.0,4.6566128730773926e-08,5.21540641784668e-08,better
Lipophilicity,A,R2,secondary,PSO,0.6006716622923919,0.6331897487985998,0.6315611540462682,0.6393219061839179,0.03251808650620791,0.03088949175387634,0.03865024389152599,90.0,0.0,2.60770320892334e-08,5.21540641784668e-08,better
Lipophilicity,B,RMSE,primary,Random,0.7600322212025565,0.7378480685714139,0.7350471131765955,0.7418489124920182,0.022184152631142595,0.018183308710538304,0.02498510802596099,93.33333333333333,0.0,1.30385160446167e-08,6.51925802230835e-08,better
Lipophilicity,B,RMSE,primary,TPE,0.7600322212025565,0.7382813714750249,0.7355788629834189,0.7445857940714561,0.021750849727531663,0.015446427131100449,0.024453358219137633,93.33333333333333,0.0,3.1478703022003174e-07,9.443610906600952e-07,better
Lipophilicity,B,RMSE,primary,GWO,0.7600322212025565,0.7339991078522036,0.7288820103992963,0.7417024119664923,0.026033113350352965,0.0183298092360642,0.031150210803260192,93.33333333333333,0.0,1.862645149230957e-08,7.450580596923828e-08,better
Lipophilicity,B,RMSE,primary,WOA,0.7600322212025565,0.7391642287410489,0.7297230443384705,0.7489496778787779,0.020867992461507556,0.011082543323778726,0.030309176864086074,93.33333333333333,0.0,6.910413503646851e-07,9.443610906600952e-07,better
Lipophilicity,B,RMSE,primary,PSO,0.7600322212025565,0.7343186678240052,0.73068294077157,0.7420522684358881,0.025713553378551246,0.017979952766668472,0.029349280430986502,93.33333333333333,0.0,3.1478703022003174e-07,9.443610906600952e-07,better
Lipophilicity,B,MAE,secondary,Random,0.5810782860446211,0.5588930445501492,0.5549822189351765,0.5621310379801019,0.022185241494471875,0.018947248064519195,0.02609606710944451,93.33333333333333,0.0,9.313225746154785e-09,3.725290298461914e-08,better
Lipophilicity,B,MAE,secondary,TPE,0.5810782860446211,0.5554705956640342,0.5507608909647734,0.5629704427606027,0.0256076903805868,0.018107843284018377,0.030317395079847653,96.66666666666667,0.0,1.30385160446167e-08,3.91155481338501e-08,better
Lipophilicity,B,MAE,secondary,GWO,0.5810782860446211,0.5573248781818188,0.5505132069816768,0.5600102711125232,0.02375340786280239,0.02106801493209781,0.030565079062944256,100.0,0.0,1.862645149230957e-09,9.313225746154785e-09,better
Lipophilicity,B,MAE,secondary,WOA,0.5810782860446211,0.5551785868237771,0.5488486796700662,0.5683581051182478,0.025899699220844008,0.012720180926373226,0.03222960637455491,90.0,0.0,4.7124922275543213e-07,4.7124922275543213e-07,better
Lipophilicity,B,MAE,secondary,PSO,0.5810782860446211,0.5532546829099634,0.5500595829338722,0.5607407259688313,0.027823603134657704,0.02033756007578974,0.031018703110748835,96.66666666666667,0.0,1.0244548320770264e-07,2.0489096641540527e-07,better
Lipophilicity,B,R2,secondary,Random,0.6006716622923919,0.623642697355977,0.6195503769869192,0.6264949100305889,0.022971035063585055,0.018878714694527288,0.025823247738196997,93.33333333333333,0.0,1.862645149230957e-08,9.313225746154785e-08,better
Lipophilicity,B,R2,secondary,TPE,0.6006716622923919,0.6232007545725285,0.6167381224382797,0.6259543533427903,0.022529092280136664,0.016066460145887806,0.02528269105039832,93.33333333333333,0.0,3.855675458908081e-07,1.1567026376724243e-06,better
Lipophilicity,B,R2,secondary,GWO,0.6006716622923919,0.6275592289622745,0.619700223218345,0.6327329279430921,0.026887566669882623,0.019028560925953064,0.03206126565070022,93.33333333333333,0.0,1.862645149230957e-08,9.313225746154785e-08,better
Lipophilicity,B,R2,secondary,WOA,0.6006716622923919,0.6222985739478664,0.6122324967513619,0.631885499949251,0.021626911655474423,0.011560834458970048,0.031213837656859145,93.33333333333333,0.0,6.910413503646851e-07,1.1567026376724243e-06,better
Lipophilicity,B,R2,secondary,PSO,0.6006716622923919,0.6272348648489426,0.6193409707925339,0.6309169867760717,0.026563202556550758,0.01866930850014209,0.03024532448367978,93.33333333333333,0.0,4.7124922275543213e-07,1.1567026376724243e-06,better
BBBP,A,ROC-AUC,primary,Random,0.9151568161939272,0.9030363613644883,0.8958515556666249,0.9062851430713482,-0.012120454829438854,-0.019305260527302248,-0.008871673122578971,3.3333333333333335,0.0,1.9185250858625864e-06,8.419156074523926e-06,worse
BBBP,A,ROC-AUC,primary,TPE,0.9151568161939272,0.9003811070848431,0.894789453954767,0.9061601899287767,-0.014775709109084045,-0.020367362239160247,-0.00899662626515052,16.666666666666664,0.0,1.6838312149047852e-06,8.419156074523926e-06,worse
BBBP,A,ROC-AUC,primary,GWO,0.9151568161939272,0.9094714482069224,0.90662876421342,0.9142821441959266,-0.0056853679870048635,-0.008528051980507212,-0.0008746719980006756,26.666666666666668,0.0,0.0011545227415428662,0.0011545227415428662,worse
BBBP,A,ROC-AUC,primary,WOA,0.9151568161939272,0.9035049356491316,0.8949144070973385,0.9080969636386355,-0.011651880544795601,-0.020242409096588698,-0.007059852555291735,16.666666666666664,0.0,1.1253369783752991e-05,2.2506739567505982e-05,worse
BBBP,A,ROC-AUC,primary,PSO,0.9151568161939272,0.900974634512058,0.8984755716606272,0.906097713357491,-0.014182181681869188,-0.0166812445333,-0.009059102836436184,10.0,0.0,3.879899515846691e-06,1.1639698547540072e-05,worse
BBBP,A,PR-AUC,secondary,Random,0.9620154284915242,0.9583592288628318,0.955712828711835,0.9608312801561867,-0.0036561996286925136,-0.006302599779689222,-0.001184148335337587,23.333333333333332,0.0,0.0011314544826745987,0.0056572724133729935,worse
BBBP,A,PR-AUC,secondary,TPE,0.9620154284915242,0.9596086069527636,0.9515265955680821,0.9618487553373716,-0.0024068215387605396,-0.010488832923442104,-0.00016667315415264117,33.33333333333333,0.0,0.00577649287879467,0.01155298575758934,worse
BBBP,A,PR-AUC,secondary,GWO,0.9620154284915242,0.9636376858081532,0.959584036033668,0.965071798029129,0.0016222573166289611,-0.0024313924578561186,0.0030563695376047972,60.0,0.0,0.9192965272814035,0.9192965272814035,n.s.
BBBP,A,PR-AUC,secondary,WOA,0.9620154284915242,0.9586271246607933,0.9512367983591947,0.9617167554328976,-0.0033883038307309654,-0.010778630132329436,-0.00029867305862663063,30.0,0.0,0.0012321043759584427,0.0056572724133729935,worse
BBBP,A,PR-AUC,secondary,PSO,0.9620154284915242,0.9593914964417847,0.9524956554248346,0.9616621300021682,-0.002623932049739486,-0.009519773066689607,-0.00035329848935605757,26.666666666666668,0.0,0.0029870010912418365,0.00896100327372551,worse
BBBP,B,ROC-AUC,primary,Random,0.9151568161939272,0.9039735099337749,0.8959140322379108,0.9105335499187803,-0.011183306260152293,-0.019242783956016418,-0.0046232662751468645,13.333333333333334,0.0,3.559675816668979e-05,0.00014238703266675917,worse
BBBP,B,ROC-AUC,primary,TPE,0.9151568161939272,0.9112207922029238,0.9035986505060603,0.9136573784830688,-0.00393602399100329,-0.011558165687866995,-0.00149943771085842,16.666666666666664,0.0,0.000830178096315573,0.002490534288946719,worse
BBBP,B,ROC-AUC,primary,GWO,0.9151568161939272,0.9069723853554916,0.902317880794702,0.914157191053355,-0.008184430838435619,-0.012838935399225204,-0.000999625140572169,26.666666666666668,0.0,0.0013327597456225504,0.002665519491245101,worse
BBBP,B,ROC-AUC,primary,WOA,0.9151568161939272,0.9036611270773459,0.8941022116706234,0.90847182306635,-0.011495689116581276,-0.02105460452330371,-0.006684993127577199,10.0,0.0,5.748385897965446e-06,2.874192948982723e-05,worse
BBBP,B,ROC-AUC,primary,PSO,0.9151568161939272,0.9092215419217792,0.9030988379357741,0.9147819567662125,-0.005935274272148017,-0.01205797825815308,-0.00037485942771459113,30.0,3.3333333333333335,0.003158569871770366,0.003158569871770366,worse
BBBP,B,PR-AUC,secondary,Random,0.9620154284915242,0.9615774622893887,0.9562358893942522,0.9634318708931876,-0.0004379662021355979,-0.005779539097272024,0.001416442401663387,46.666666666666664,0.0,0.10483990423381329,0.5241995211690664,n.s.
BBBP,B,PR-AUC,secondary,TPE,0.9620154284915242,0.9627157795555494,0.9591940561863562,0.9641365408674312,0.000700351064025162,-0.0028213723051679906,0.0021211123759070083,60.0,0.0,0.9515264742076397,1.0,n.s.
BBBP,B,PR-AUC,secondary,GWO,0.9620154284915242,0.9637191487310116,0.9597960445132092,0.9656687923015244,0.001703720239487394,-0.0022193839783150038,0.0036533638100000876,60.0,0.0,0.9676735773682594,1.0,n.s.
BBBP,B,PR-AUC,secondary,WOA,0.9620154284915242,0.9611842220317558,0.9568122874803527,0.963809146464534,-0.0008312064597684188,-0.005203141011171475,0.0017937179730098118,46.666666666666664,0.0,0.1641840822994709,0.6567363291978836,n.s.
BBBP,B,PR-AUC,secondary,PSO,0.9620154284915242,0.9635369634241455,0.9599603197507918,0.9657541651348465,0.001521534932621249,-0.0020551087407324475,0.003738736643322249,56.666666666666664,0.0,0.5978077705949545,1.0,n.s.
BACE,A,ROC-AUC,primary,Random,0.8144230769230769,0.810096153846154,0.8045192307692308,0.8145192307692308,-0.004326923076923006,-0.009903846153846096,9.615384615385691e-05,33.33333333333333,3.3333333333333335,0.07025653037034345,0.35128265185171725,n.s.
BACE,A,ROC-AUC,primary,TPE,0.8144230769230769,0.8136538461538462,0.8063461538461538,0.8179807692307692,-0.0007692307692307443,-0.008076923076923093,0.0035576923076922617,46.666666666666664,0.0,0.3598779272288084,1.0,n.s.
BACE,A,ROC-AUC,primary,GWO,0.8144230769230769,0.8146153846153846,0.8099038461538461,0.8182692307692307,0.00019230769230771383,-0.004519230769230775,0.003846153846153888,53.333333333333336,0.0,0.9753865135681143,1.0,n.s.
BACE,A,ROC-AUC,primary,WOA,0.8144230769230769,0.8157692307692308,0.8091346153846154,0.8207692307692307,0.0013461538461538303,-0.00528846153846152,0.006346153846153779,53.333333333333336,0.0,0.6701805889606476,1.0,n.s.
BACE,A,ROC-AUC,primary,PSO,0.8144230769230769,0.8191346153846154,0.8113461538461539,0.8235576923076924,0.004711538461538489,-0.0030769230769230327,0.009134615384615408,63.33333333333333,0.0,0.35464130143509787,1.0,n.s.
BACE,A,PR-AUC,secondary,Random,0.7094734084799892,0.7027649754703055,0.6957206312360069,0.7053309555657042,-0.006708433009683712,-0.013752777243982273,-0.004142452914284944,23.333333333333332,0.0,0.005382779985666275,0.0215311199426651,worse
BACE,A,PR-AUC,secondary,TPE,0.7094734084799892,0.6943721778663714,0.686073790442836,0.7054882311934614,-0.015101230613617789,-0.02339961803715318,-0.003985177286527808,30.0,0.0,0.0015832837671041489,0.007916418835520744,worse
BACE,A,PR-AUC,secondary,GWO,0.7094734084799892,0.7022130468485376,0.6943776586123314,0.7089957724667416,-0.007260361631451606,-0.015095749867657882,-0.0004776360132475732,33.33333333333333,0.0,0.016431212425231934,0.0492936372756958,worse
BACE,A,PR-AUC,secondary,WOA,0.7094734084799892,0.705497293081234,0.7014815854348595,0.7119974321256001,-0.003976115398755142,-0.007991823045129631,0.0025240236456108844,33.33333333333333,0.0,0.19092952087521553,0.38185904175043106,n.s.
BACE,A,PR-AUC,secondary,PSO,0.7094734084799892,0.7070613643896049,0.6993406238391364,0.7128015579449454,-0.0024120440903843132,-0.010132784640852766,0.003328149464956187,46.666666666666664,0.0,0.308520769700408,0.38185904175043106,n.s.
BACE,B,ROC-AUC,primary,Random,0.8144230769230769,0.8133653846153847,0.8079807692307692,0.8225,-0.0010576923076922595,-0.006442307692307692,0.008076923076923037,46.666666666666664,0.0,0.861205254269412,1.0,n.s.
BACE,B,ROC-AUC,primary,TPE,0.8144230769230769,0.8179807692307692,0.8080769230769231,0.823076923076923,0.0035576923076923173,-0.006346153846153779,0.008653846153846123,53.333333333333336,0.0,0.5999262845940143,1.0,n.s.
BACE,B,ROC-AUC,primary,GWO,0.8144230769230769,0.8185576923076924,0.8125961538461538,0.8225,0.004134615384615459,-0.0018269230769231148,0.008076923076923093,56.666666666666664,0.0,0.21712903356539515,0.8685161342615806,n.s.
BACE,B,ROC-AUC,primary,WOA,0.8144230769230769,0.8115384615384615,0.8089423076923077,0.8233653846153846,-0.0028846153846153744,-0.005480769230769178,0.008942307692307694,46.666666666666664,0.0,0.8050424244652399,1.0,n.s.
BACE,B,ROC-AUC,primary,PSO,0.8144230769230769,0.8197115384615384,0.8145192307692308,0.8285576923076923,0.00528846153846152,9.615384615385691e-05,0.014134615384615357,66.66666666666666,0.0,0.021238651686762876,0.10619325843381439,n.s.
BACE,B,PR-AUC,secondary,Random,0.7094734084799892,0.6962312088828382,0.6917872090293469,0.7196024174566904,-0.013242199597151005,-0.01768619945064237,0.01012900897670127,40.0,0.0,0.22855282202363014,0.9142112880945206,n.s.
BACE,B,PR-AUC,secondary,TPE,0.7094734084799892,0.7085148160536818,0.6980070878586913,0.7156961958195736,-0.0009585924263073586,-0.011466320621297876,0.0062227873395844235,46.666666666666664,0.0,0.6120056137442589,0.9142112880945206,n.s.
BACE,B,PR-AUC,secondary,GWO,0.7094734084799892,0.7048909457582261,0.6925387012819809,0.7135246560113373,-0.004582462721763103,-0.01693470719800827,0.004051247531348112,43.333333333333336,0.0,0.23665234446525574,0.9142112880945206,n.s.
BACE,B,PR-AUC,secondary,WOA,0.7094734084799892,0.7050506052993437,0.6988440032178374,0.712117216875109,-0.004422803180645474,-0.010629405262151836,0.0026438083951197955,36.666666666666664,0.0,0.15794767439365387,0.7897383719682693,n.s.
BACE,B,PR-AUC,secondary,PSO,0.7094734084799892,0.7044317740368329,0.6974376128738129,0.7160862964215768,-0.005041634443156251,-0.012035795606176347,0.006612887941587653,43.333333333333336,0.0,0.338741784915328,0.9142112880945206,n.s.
