dataset,experiment,metric,role,friedman_chi2,friedman_p,mean_rank_Random,mean_rank_TPE,mean_rank_GWO,mean_rank_WOA,mean_rank_PSO
ESOL,A,RMSE,primary,7.626666666666665,0.10625180442091203,3.5,3.1333333333333333,2.7,2.5,3.1666666666666665
ESOL,A,MAE,secondary,1.466666666666697,0.832529188555647,3.1333333333333333,3.2333333333333334,2.8333333333333335,2.8666666666666667,2.933333333333333
ESOL,A,R2,secondary,7.626666666666665,0.10625180442091203,3.5,3.1333333333333333,2.7,2.5,3.1666666666666665
ESOL,B,RMSE,primary,6.400000000000091,0.17120125670913217,3.3666666666666667,2.5,3.066666666666667,3.3,2.7666666666666666
ESOL,B,MAE,secondary,8.986666666666679,0.06143361626239687,3.2666666666666666,2.433333333333333,3.1666666666666665,3.466666666666667,2.6666666666666665
ESOL,B,R2,secondary,6.400000000000091,0.17120125670913217,3.3666666666666667,2.5,3.066666666666667,3.3,2.7666666666666666
FreeSolv,A,RMSE,primary,13.519999999999982,0.008995618389499698,3.3666666666666667,3.066666666666667,2.2666666666666666,3.6,2.7
FreeSolv,A,MAE,secondary,9.893333333333317,0.04226331494572257,3.2666666666666666,3.2666666666666666,2.4,3.433333333333333,2.6333333333333333
FreeSolv,A,R2,secondary,13.519999999999982,0.008995618389499698,3.3666666666666667,3.066666666666667,2.2666666666666666,3.6,2.7
FreeSolv,B,RMSE,primary,3.386666666666656,0.4953187672326754,3.066666666666667,2.8666666666666667,2.7666666666666666,3.433333333333333,2.8666666666666667
FreeSolv,B,MAE,secondary,4.0533333333333985,0.39883608432773276,3.033333333333333,2.966666666666667,2.8333333333333335,3.466666666666667,2.7
FreeSolv,B,R2,secondary,3.386666666666656,0.4953187672326754,3.066666666666667,2.8666666666666667,2.7666666666666666,3.433333333333333,2.8666666666666667
Lipophilicity,A,RMSE,primary,5.415692821369033,0.24724014075019626,3.5,3.0,2.6,2.816666666666667,3.0833333333333335
Lipophilicity,A,MAE,secondary,5.469115191986681,0.24245764767541245,3.5,2.6,2.8,3.05,3.05
Lipophilicity,A,R2,secondary,5.415692821369033,0.24724014075019626,3.5,3.0,2.6,2.816666666666667,3.0833333333333335
Lipophilicity,B,RMSE,primary,3.2787979966610807,0.5122985290865869,3.283333333333333,3.2,2.6333333333333333,3.0166666666666666,2.8666666666666667
Lipophilicity,B,MAE,secondary,1.2888146911520004,0.8632704076375668,3.216666666666667,2.9,3.1,2.9833333333333334,2.8
Lipophilicity,B,R2,secondary,3.2787979966610807,0.5122985290865869,3.283333333333333,3.2,2.6333333333333333,3.0166666666666666,2.8666666666666667
BBBP,A,ROC-AUC,primary,8.98983050847461,0.061354173106577974,3.15,3.3333333333333335,2.25,3.0833333333333335,3.183333333333333
BBBP,A,PR-AUC,secondary,8.08135593220344,0.08864307408866247,2.85,3.2333333333333334,2.35,3.25,3.316666666666667
BBBP,B,ROC-AUC,primary,11.439065108514264,0.02204842821227805,3.4,2.45,2.7666666666666666,3.6166666666666667,2.7666666666666666
BBBP,B,PR-AUC,secondary,5.25333333333333,0.2622773587697011,3.3333333333333335,2.8,2.6333333333333333,3.3666666666666667,2.8666666666666667
BACE,A,ROC-AUC,primary,5.675213675213761,0.22475196004611284,3.4833333333333334,3.1166666666666667,2.8,3.0166666666666666,2.5833333333333335
BACE,A,PR-AUC,secondary,4.354948805460747,0.36009487720232036,3.0166666666666666,3.4833333333333334,2.9833333333333334,2.716666666666667,2.8
BACE,B,ROC-AUC,primary,6.255033557047014,0.1808945857292716,3.2333333333333334,2.933333333333333,3.1666666666666665,3.2666666666666666,2.4
BACE,B,PR-AUC,secondary,4.966442953020196,0.29075802140704227,2.8666666666666667,2.566666666666667,3.3,3.3333333333333335,2.933333333333333
