dataset,experiment,metric,role,pair,median_diff_goodness,p_raw,A12,p_holm
ESOL,A,RMSE,primary,Random vs TPE,-0.0059136389626768815,0.3492113798856735,0.45111111111111113,1.0
ESOL,A,RMSE,primary,Random vs GWO,-0.007145336156700377,0.0803273618221283,0.39111111111111113,0.803273618221283
ESOL,A,RMSE,primary,Random vs WOA,-0.010717544528224987,0.09194962680339813,0.34555555555555556,0.8275466412305832
ESOL,A,RMSE,primary,Random vs PSO,-0.004552654713962545,0.21293285302817822,0.3988888888888889,1.0
ESOL,A,RMSE,primary,TPE vs GWO,-0.0060547044462339605,0.338741784915328,0.4444444444444444,1.0
ESOL,A,RMSE,primary,TPE vs WOA,-0.012829984455898225,0.09194962680339813,0.4066666666666667,0.8275466412305832
ESOL,A,RMSE,primary,TPE vs PSO,-0.004278141333026786,0.42795460671186447,0.4688888888888889,1.0
ESOL,A,RMSE,primary,GWO vs WOA,-0.002937702625430305,0.7151329666376114,0.44222222222222224,1.0
ESOL,A,RMSE,primary,GWO vs PSO,0.00277050012927893,0.4898460879921913,0.5188888888888888,1.0
ESOL,A,RMSE,primary,WOA vs PSO,0.003930880961624972,0.4771064817905426,0.5577777777777778,1.0
ESOL,A,MAE,secondary,Random vs TPE,-0.002864343361451027,0.5978077705949545,0.47333333333333333,1.0
ESOL,A,MAE,secondary,Random vs GWO,-0.004158801143675728,0.21293285302817822,0.4166666666666667,1.0
ESOL,A,MAE,secondary,Random vs WOA,-0.003983314227378798,0.31839608028531075,0.43555555555555553,1.0
ESOL,A,MAE,secondary,Random vs PSO,-0.004054475204804842,0.2710056286305189,0.4388888888888889,1.0
ESOL,A,MAE,secondary,TPE vs GWO,-0.0016106683936019661,0.4399667661637068,0.4533333333333333,1.0
ESOL,A,MAE,secondary,TPE vs WOA,-0.0057589492340267,0.2988441474735737,0.4677777777777778,1.0
ESOL,A,MAE,secondary,TPE vs PSO,-0.005688239078540158,0.40449450351297855,0.4722222222222222,1.0
ESOL,A,MAE,secondary,GWO vs WOA,0.0017738797809038753,0.6554384250193834,0.51,1.0
ESOL,A,MAE,secondary,GWO vs PSO,0.0031528300811758947,0.6120056137442589,0.5166666666666667,1.0
ESOL,A,MAE,secondary,WOA vs PSO,-0.0005354925792301901,0.7303419969975948,0.4988888888888889,1.0
ESOL,A,R2,secondary,Random vs TPE,-0.0028436259251411466,0.3492113798856735,0.45111111111111113,1.0
ESOL,A,R2,secondary,Random vs GWO,-0.0034564672149106634,0.07672121562063694,0.39111111111111113,0.7672121562063694
ESOL,A,R2,secondary,Random vs WOA,-0.005149550139017134,0.11907656863331795,0.34555555555555556,0.9526125490665436
ESOL,A,R2,secondary,Random vs PSO,-0.002176790201414258,0.20540969260036945,0.3988888888888889,1.0
ESOL,A,R2,secondary,TPE vs GWO,-0.0028413951638637247,0.3284698575735092,0.4444444444444444,1.0
ESOL,A,R2,secondary,TPE vs WOA,-0.006253385125695232,0.09194962680339813,0.4066666666666667,0.8275466412305832
ESOL,A,R2,secondary,TPE vs PSO,-0.0020202181438810363,0.42795460671186447,0.4688888888888889,1.0
ESOL,A,R2,secondary,GWO vs WOA,-0.0013797376239720327,0.7456546742469072,0.44222222222222224,1.0
ESOL,A,R2,secondary,GWO vs PSO,0.0013368105113639728,0.46454504504799843,0.5188888888888888,1.0
ESOL,A,R2,secondary,WOA vs PSO,0.0018478081182868866,0.5291051845997572,0.5577777777777778,1.0
ESOL,B,RMSE,primary,Random vs TPE,-0.02104865656325211,0.03272089920938015,0.34,0.29448809288442135
ESOL,B,RMSE,primary,Random vs GWO,-0.01580028886022783,0.4161298982799053,0.47333333333333333,1.0
ESOL,B,RMSE,primary,Random vs WOA,-0.011636138486232683,0.7000329215079546,0.47444444444444445,1.0
ESOL,B,RMSE,primary,Random vs PSO,-0.004648603124623785,0.25343610532581806,0.39666666666666667,1.0
ESOL,B,RMSE,primary,TPE vs GWO,0.014175482732114997,0.05768792890012264,0.6533333333333333,0.46150343120098114
ESOL,B,RMSE,primary,TPE vs WOA,0.022416560352999715,0.011303061619400978,0.6355555555555555,0.11303061619400978
ESOL,B,RMSE,primary,TPE vs PSO,0.0027652907682340633,0.370740607380867,0.5488888888888889,1.0
ESOL,B,RMSE,primary,GWO vs WOA,-0.002958735597162976,0.935398668050766,0.4955555555555556,1.0
ESOL,B,RMSE,primary,GWO vs PSO,-0.0066846777981857675,0.31839608028531075,0.41888888888888887,1.0
ESOL,B,RMSE,primary,WOA vs PSO,-0.015809645803634198,0.1459994912147522,0.4222222222222222,1.0
ESOL,B,MAE,secondary,Random vs TPE,-0.013922709081552687,0.07672121562063694,0.33555555555555555,0.6137697249650955
ESOL,B,MAE,secondary,Random vs GWO,-0.007242709793875701,0.6263462882488966,0.4688888888888889,1.0
ESOL,B,MAE,secondary,Random vs WOA,0.005614887774650024,0.8871948085725307,0.4988888888888889,1.0
ESOL,B,MAE,secondary,Random vs PSO,-0.015597266639558072,0.28936620615422726,0.40555555555555556,1.0
ESOL,B,MAE,secondary,TPE vs GWO,0.01813674009347388,0.03098480962216854,0.6488888888888888,0.27886328659951687
ESOL,B,MAE,secondary,TPE vs WOA,0.019653180267958537,0.005382779985666275,0.6466666666666666,0.05382779985666275
ESOL,B,MAE,secondary,TPE vs PSO,0.0011984437489799826,0.5291051845997572,0.5688888888888889,1.0
ESOL,B,MAE,secondary,GWO vs WOA,0.002077171035045011,0.871207794174552,0.53,1.0
ESOL,B,MAE,secondary,GWO vs PSO,-0.004373117753889766,0.5158484429121017,0.4477777777777778,1.0
ESOL,B,MAE,secondary,WOA vs PSO,-0.01153175494493508,0.09194962680339813,0.41444444444444445,0.6436473876237869
ESOL,B,R2,secondary,Random vs TPE,-0.010112947962113206,0.03098480962216854,0.34,0.27886328659951687
ESOL,B,R2,secondary,Random vs GWO,-0.007602537852784086,0.40449450351297855,0.47333333333333333,1.0
ESOL,B,R2,secondary,Random vs WOA,-0.005724166123150298,0.6554384250193834,0.47444444444444445,1.0
ESOL,B,R2,secondary,Random vs PSO,-0.002198671947120867,0.24494642950594425,0.39666666666666667,1.0
ESOL,B,R2,secondary,TPE vs GWO,0.0068587119611485114,0.052263347432017326,0.6533333333333333,0.4181067794561386
ESOL,B,R2,secondary,TPE vs WOA,0.010284915960225238,0.010598260909318924,0.6355555555555555,0.10598260909318924
ESOL,B,R2,secondary,TPE vs PSO,0.0013028160854862691,0.3817984350025654,0.5488888888888889,1.0
ESOL,B,R2,secondary,GWO vs WOA,-0.001397095719940733,0.9515264742076397,0.4955555555555556,1.0
ESOL,B,R2,secondary,GWO vs PSO,-0.003181505484423308,0.338741784915328,0.41888888888888887,1.0
ESOL,B,R2,secondary,WOA vs PSO,-0.0075745787646450125,0.140283040702343,0.4222222222222222,0.9819812849164009
FreeSolv,A,RMSE,primary,Random vs TPE,-0.032028166329092445,0.46454504504799843,0.4288888888888889,1.0
FreeSolv,A,RMSE,primary,Random vs GWO,-0.1464909615862462,0.0050126127898693085,0.3277777777777778,0.045113515108823776
FreeSolv,A,RMSE,primary,Random vs WOA,0.03207695060148019,1.0,0.47555555555555556,1.0
FreeSolv,A,RMSE,primary,Random vs PSO,-0.11286604160469094,0.12413446232676506,0.35777777777777775,0.7448067739605904
FreeSolv,A,RMSE,primary,TPE vs GWO,-0.09647490866763175,0.054921628907322884,0.37222222222222223,0.3844514023512602
FreeSolv,A,RMSE,primary,TPE vs WOA,0.05312568225817915,0.3598779272288084,0.6055555555555555,1.0
FreeSolv,A,RMSE,primary,TPE vs PSO,-0.07427099356179512,0.17719271034002304,0.43666666666666665,0.8859635517001152
FreeSolv,A,RMSE,primary,GWO vs WOA,0.13320047211070474,0.001038169488310814,0.7011111111111111,0.010381694883108139
FreeSolv,A,RMSE,primary,GWO vs PSO,0.08004971739018596,0.3598779272288084,0.5788888888888889,1.0
FreeSolv,A,RMSE,primary,WOA vs PSO,-0.07081481642761611,0.03098480962216854,0.32222222222222224,0.24787847697734833
FreeSolv,A,MAE,secondary,Random vs TPE,0.001806246575254744,0.5978077705949545,0.45,1.0
FreeSolv,A,MAE,secondary,Random vs GWO,-0.060706016707878785,0.0021877754479646683,0.3288888888888889,0.021877754479646683
FreeSolv,A,MAE,secondary,Random vs WOA,0.036839351681275945,0.9515264742076397,0.45111111111111113,1.0
FreeSolv,A,MAE,secondary,Random vs PSO,-0.08161670164420032,0.0635564886033535,0.3622222222222222,0.4448954202234745
FreeSolv,A,MAE,secondary,TPE vs GWO,-0.05586853889891741,0.024786051362752914,0.3511111111111111,0.19828841090202332
FreeSolv,A,MAE,secondary,TPE vs WOA,-0.01236350559271282,0.935398668050766,0.5322222222222223,1.0
FreeSolv,A,MAE,secondary,TPE vs PSO,-0.045284116669343066,0.1459994912147522,0.4222222222222222,0.8416982442140579
FreeSolv,A,MAE,secondary,GWO vs WOA,0.0837097730201023,0.005382779985666275,0.6655555555555556,0.048445019870996475
FreeSolv,A,MAE,secondary,GWO vs PSO,0.002253806132536673,0.5158484429121017,0.5766666666666667,1.0
FreeSolv,A,MAE,secondary,WOA vs PSO,-0.03906214363299887,0.140283040702343,0.3888888888888889,0.8416982442140579
FreeSolv,A,R2,secondary,Random vs TPE,-0.0073622712256898315,0.4399667661637068,0.4288888888888889,1.0
FreeSolv,A,R2,secondary,Random vs GWO,-0.03242552277504568,0.004338232800364494,0.3277777777777778,0.03904409520328045
FreeSolv,A,R2,secondary,Random vs WOA,0.0074491623161064835,0.9676735773682594,0.47555555555555556,1.0
FreeSolv,A,R2,secondary,Random vs PSO,-0.026555727468398183,0.10943205840885639,0.35777777777777775,0.6565923504531384
FreeSolv,A,R2,secondary,TPE vs GWO,-0.020826077707350954,0.06989291124045849,0.37222222222222223,0.4892503786832094
FreeSolv,A,R2,secondary,TPE vs WOA,0.012572839466633345,0.3492113798856735,0.6055555555555555,1.0
FreeSolv,A,R2,secondary,TPE vs PSO,-0.01602066208114611,0.1641840822994709,0.43666666666666665,0.8209204114973545
FreeSolv,A,R2,secondary,GWO vs WOA,0.02976181545891665,0.001038169488310814,0.7011111111111111,0.010381694883108139
FreeSolv,A,R2,secondary,GWO vs PSO,0.017753532067459665,0.3598779272288084,0.5788888888888889,1.0
FreeSolv,A,R2,secondary,WOA vs PSO,-0.01617556646720636,0.03272089920938015,0.32222222222222224,0.2617671936750412
FreeSolv,B,RMSE,primary,Random vs TPE,-0.035556391766388806,0.6554384250193834,0.53,1.0
FreeSolv,B,RMSE,primary,Random vs GWO,-0.036996159941331985,0.685047073289752,0.4633333333333333,1.0
FreeSolv,B,RMSE,primary,Random vs WOA,0.018416084504071062,0.39305018074810505,0.5977777777777777,1.0
FreeSolv,B,RMSE,primary,Random vs PSO,-0.03991885753929125,0.3817984350025654,0.4666666666666667,1.0
FreeSolv,B,RMSE,primary,TPE vs GWO,-0.0009244263525896024,0.6408254038542509,0.42,1.0
FreeSolv,B,RMSE,primary,TPE vs WOA,0.05291056203765221,0.5291051845997572,0.5533333333333333,1.0
FreeSolv,B,RMSE,primary,TPE vs PSO,-0.013171697589017706,0.3817984350025654,0.4266666666666667,1.0
FreeSolv,B,RMSE,primary,GWO vs WOA,0.1287549826227079,0.07672121562063694,0.6077777777777778,0.7672121562063694
FreeSolv,B,RMSE,primary,GWO vs PSO,0.022119196174756883,0.9032264724373817,0.5033333333333333,1.0
FreeSolv,B,RMSE,primary,WOA vs PSO,-0.03526924485491767,0.11907656863331795,0.35333333333333333,1.0
FreeSolv,B,MAE,secondary,Random vs TPE,0.0017552379232188553,0.9515264742076397,0.4855555555555556,1.0
FreeSolv,B,MAE,secondary,Random vs GWO,-0.07601618010264166,0.6554384250193834,0.45111111111111113,1.0
FreeSolv,B,MAE,secondary,Random vs WOA,0.04949757602925475,0.5158484429121017,0.5733333333333334,1.0
FreeSolv,B,MAE,secondary,Random vs PSO,-0.03654522311228969,0.5158484429121017,0.47,1.0
FreeSolv,B,MAE,secondary,TPE vs GWO,-0.010223596027264192,0.7921590935438871,0.4588888888888889,1.0
FreeSolv,B,MAE,secondary,TPE vs WOA,0.042858103146919624,0.3284698575735092,0.5966666666666667,1.0
FreeSolv,B,MAE,secondary,TPE vs PSO,-0.02821026816964145,0.7456546742469072,0.48444444444444446,1.0
FreeSolv,B,MAE,secondary,GWO vs WOA,0.06600968780425853,0.07672121562063694,0.6177777777777778,0.7672121562063694
FreeSolv,B,MAE,secondary,GWO vs PSO,0.00698019472452327,0.7765688337385654,0.5188888888888888,1.0
FreeSolv,B,MAE,secondary,WOA vs PSO,-0.0585978252383379,0.10039735585451126,0.3877777777777778,0.9035762026906013
FreeSolv,B,R2,secondary,Random vs TPE,-0.007248737250595327,0.7303419969975948,0.53,1.0
FreeSolv,B,R2,secondary,Random vs GWO,-0.008010269138070736,0.761065473780036,0.4633333333333333,1.0
FreeSolv,B,R2,secondary,Random vs WOA,0.003945089478727515,0.42795460671186447,0.5977777777777777,1.0
FreeSolv,B,R2,secondary,Random vs PSO,-0.008926798422357884,0.42795460671186447,0.4666666666666667,1.0
FreeSolv,B,R2,secondary,TPE vs GWO,-0.000197253465755165,0.6554384250193834,0.42,1.0
FreeSolv,B,R2,secondary,TPE vs WOA,0.011607182099636959,0.5027610473334789,0.5533333333333333,1.0
FreeSolv,B,R2,secondary,TPE vs PSO,-0.0033974917789177383,0.3492113798856735,0.4266666666666667,1.0
FreeSolv,B,R2,secondary,GWO vs WOA,0.0279913073144904,0.10039735585451126,0.6077777777777778,1.0
FreeSolv,B,R2,secondary,GWO vs PSO,0.0047754048933043025,0.8871948085725307,0.5033333333333333,1.0
FreeSolv,B,R2,secondary,WOA vs PSO,-0.007892851625290631,0.11417667381465435,0.35333333333333333,1.0
Lipophilicity,A,RMSE,primary,Random vs TPE,-0.004341087494281415,0.05768792890012264,0.3511111111111111,0.47259049490094185
Lipophilicity,A,RMSE,primary,Random vs GWO,-0.004978067215487103,0.047259049490094185,0.35777777777777775,0.47259049490094185
Lipophilicity,A,RMSE,primary,Random vs WOA,-0.004723421700248254,0.047259049490094185,0.4166666666666667,0.47259049490094185
Lipophilicity,A,RMSE,primary,Random vs PSO,-0.0015652737570274744,0.6263462882488966,0.42777777777777776,1.0
Lipophilicity,A,RMSE,primary,TPE vs GWO,-0.0011098556363411394,0.7000329215079546,0.5377777777777778,1.0
Lipophilicity,A,RMSE,primary,TPE vs WOA,-0.001340167205220122,0.7151329666376114,0.5533333333333333,1.0
Lipophilicity,A,RMSE,primary,TPE vs PSO,-0.0002672494139449033,0.5698575973510742,0.57,1.0
Lipophilicity,A,RMSE,primary,GWO vs WOA,0.0022715294080397075,0.8078304156661034,0.5244444444444445,1.0
Lipophilicity,A,RMSE,primary,GWO vs PSO,0.0005624543050976594,0.5561132747679949,0.5422222222222223,1.0
Lipophilicity,A,RMSE,primary,WOA vs PSO,0.0005572358734629024,0.8209963306586536,0.515,1.0
Lipophilicity,A,MAE,secondary,Random vs TPE,-0.00813085571031219,0.02084985189139843,0.3411111111111111,0.2084985189139843
Lipophilicity,A,MAE,secondary,Random vs GWO,-0.006128565964033994,0.03841841779649258,0.3388888888888889,0.3457657601684332
Lipophilicity,A,MAE,secondary,Random vs WOA,-0.005374083686010223,0.140283040702343,0.4177777777777778,1.0
Lipophilicity,A,MAE,secondary,Random vs PSO,-0.003941284508688303,0.3492113798856735,0.4211111111111111,1.0
Lipophilicity,A,MAE,secondary,TPE vs GWO,0.0004965410436159612,0.5425279382616282,0.5533333333333333,1.0
Lipophilicity,A,MAE,secondary,TPE vs WOA,0.001372918530735956,0.28008678182959557,0.5977777777777777,1.0
Lipophilicity,A,MAE,secondary,TPE vs PSO,0.0021211003984457077,0.20540969260036945,0.6033333333333334,1.0
Lipophilicity,A,MAE,secondary,GWO vs WOA,-0.0004528361350475407,0.5561132747679949,0.55,1.0
Lipophilicity,A,MAE,secondary,GWO vs PSO,0.0033409987731525814,0.3817984350025654,0.5755555555555556,1.0
Lipophilicity,A,MAE,secondary,WOA vs PSO,-0.001556085178717248,0.9507951449265917,0.5194444444444445,1.0
Lipophilicity,A,R2,secondary,Random vs TPE,-0.004346666353513218,0.05768792890012264,0.3511111111111111,0.47259049490094185
Lipophilicity,A,R2,secondary,Random vs GWO,-0.004966173929859596,0.047259049490094185,0.35777777777777775,0.47259049490094185
Lipophilicity,A,R2,secondary,Random vs WOA,-0.004740583565362444,0.047259049490094185,0.4166666666666667,0.47259049490094185
Lipophilicity,A,R2,secondary,Random vs PSO,-0.0015776129054025922,0.5698575973510742,0.42777777777777776,1.0
Lipophilicity,A,R2,secondary,TPE vs GWO,-0.0011031833930257862,0.7000329215079546,0.5377777777777778,1.0
Lipophilicity,A,R2,secondary,TPE vs WOA,-0.0013481165479633517,0.7151329666376114,0.5533333333333333,1.0
Lipophilicity,A,R2,secondary,TPE vs PSO,-0.0002642103998912737,0.5698575973510742,0.57,1.0
Lipophilicity,A,R2,secondary,GWO vs WOA,0.002286622711700048,0.7921590935438871,0.5244444444444445,1.0
Lipophilicity,A,R2,secondary,GWO vs PSO,0.0005618282181983902,0.5425279382616282,0.5422222222222223,1.0
Lipophilicity,A,R2,secondary,WOA vs PSO,0.0005648372600309259,0.8209963306586536,0.515,1.0
Lipophilicity,B,RMSE,primary,Random vs TPE,0.0012830413510001581,0.685047073289752,0.5277777777777778,1.0
Lipophilicity,B,RMSE,primary,Random vs GWO,-0.005940160461648136,0.4521643426269293,0.42,1.0
Lipophilicity,B,RMSE,primary,Random vs WOA,-0.001677463937971746,0.9835891289140773,0.49722222222222223,1.0
Lipophilicity,B,RMSE,primary,Random vs PSO,-0.0039294260399060366,0.6120056137442589,0.43777777777777777,1.0
Lipophilicity,B,RMSE,primary,TPE vs GWO,-0.002491696245258579,0.308520769700408,0.40555555555555556,1.0
Lipophilicity,B,RMSE,primary,TPE vs WOA,0.004261870656427524,0.9838335812091827,0.4855555555555556,1.0
Lipophilicity,B,RMSE,primary,TPE vs PSO,-0.002268283324828535,0.4521643426269293,0.4255555555555556,1.0
Lipophilicity,B,RMSE,primary,GWO vs WOA,0.0016717017387986588,0.3284698575735092,0.5577777777777778,1.0
Lipophilicity,B,RMSE,primary,GWO vs PSO,0.0029412349217293743,0.761065473780036,0.5188888888888888,1.0
Lipophilicity,B,RMSE,primary,WOA vs PSO,0.0003232228051135988,0.6701805889606476,0.4488888888888889,1.0
Lipophilicity,B,MAE,secondary,Random vs TPE,-0.0010793660215789314,0.4399667661637068,0.45222222222222225,1.0
Lipophilicity,B,MAE,secondary,Random vs GWO,-0.0007563096820376591,0.5158484429121017,0.4266666666666667,1.0
Lipophilicity,B,MAE,secondary,Random vs WOA,-0.0015348649251141766,0.7111964569494595,0.4816666666666667,1.0
Lipophilicity,B,MAE,secondary,Random vs PSO,-0.0034213934833782766,0.308520769700408,0.39,1.0
Lipophilicity,B,MAE,secondary,TPE vs GWO,0.0014389416934656452,0.7765688337385654,0.4888888888888889,1.0
Lipophilicity,B,MAE,secondary,TPE vs WOA,0.0010886776097495665,0.5425279382616282,0.5055555555555555,1.0
Lipophilicity,B,MAE,secondary,TPE vs PSO,-0.0015108756066876672,0.6408254038542509,0.4444444444444444,1.0
Lipophilicity,B,MAE,secondary,GWO vs WOA,-0.0017536627394812432,0.761065473780036,0.5077777777777778,1.0
Lipophilicity,B,MAE,secondary,GWO vs PSO,-0.0005293901200362217,0.7456546742469072,0.46111111111111114,1.0
Lipophilicity,B,MAE,secondary,WOA vs PSO,-0.000403942280848113,0.46454504504799843,0.4488888888888889,1.0
Lipophilicity,B,R2,secondary,Random vs TPE,0.00128540163196611,0.685047073289752,0.5277777777777778,1.0
Lipophilicity,B,R2,secondary,Random vs GWO,-0.006046454394111389,0.4521643426269293,0.42,1.0
Lipophilicity,B,R2,secondary,Random vs WOA,-0.0017237766572848479,0.9344258803086289,0.49722222222222223,1.0
Lipophilicity,B,R2,secondary,Random vs PSO,-0.003990114274214862,0.6263462882488966,0.43777777777777777,1.0
Lipophilicity,B,R2,secondary,TPE vs GWO,-0.0025274543279105166,0.31839608028531075,0.40555555555555556,1.0
Lipophilicity,B,R2,secondary,TPE vs WOA,0.004359065977263488,0.9676735773682594,0.4855555555555556,1.0
Lipophilicity,B,R2,secondary,TPE vs PSO,-0.002318477058159518,0.4521643426269293,0.4255555555555556,1.0
Lipophilicity,B,R2,secondary,GWO vs WOA,0.0017006504885194174,0.3284698575735092,0.5577777777777778,1.0
Lipophilicity,B,R2,secondary,GWO vs PSO,0.0029719696040940158,0.7456546742469072,0.5188888888888888,1.0
Lipophilicity,B,R2,secondary,WOA vs PSO,0.00033503281678698427,0.685047073289752,0.4488888888888889,1.0
BBBP,A,ROC-AUC,primary,Random vs TPE,0.0016556291390728561,0.9676735773682594,0.5127777777777778,1.0
BBBP,A,ROC-AUC,primary,Random vs GWO,-0.009246532550293673,0.0066242881005307876,0.2811111111111111,0.06624288100530787
BBBP,A,ROC-AUC,primary,Random vs WOA,0.00018742971385732332,0.85312727574799,0.48777777777777775,1.0
BBBP,A,ROC-AUC,primary,Random vs PSO,0.0009371485692866166,0.9671851995761876,0.52,1.0
BBBP,A,ROC-AUC,primary,TPE vs GWO,-0.007840809696363915,0.009301122277975082,0.2972222222222222,0.08371010050177574
BBBP,A,ROC-AUC,primary,TPE vs WOA,-0.0005310508559291383,0.7000329215079546,0.47555555555555556,1.0
BBBP,A,ROC-AUC,primary,TPE vs PSO,-0.001905535424215954,0.7303419969975948,0.47833333333333333,1.0
BBBP,A,ROC-AUC,primary,GWO vs WOA,0.008684243408721593,0.016556936938560106,0.6616666666666666,0.13245549550848085
BBBP,A,ROC-AUC,primary,GWO vs PSO,0.011589403973510104,0.01903143337996049,0.7138888888888889,0.13322003365972343
BBBP,A,ROC-AUC,primary,WOA vs PSO,0.0014057228539297029,0.7891592341415333,0.5183333333333333,1.0
BBBP,A,PR-AUC,secondary,Random vs TPE,0.001119522397075412,0.7151329666376114,0.5211111111111111,1.0
BBBP,A,PR-AUC,secondary,Random vs GWO,-0.0034756565611429036,0.13860690554385485,0.3527777777777778,0.970248338806984
BBBP,A,PR-AUC,secondary,Random vs WOA,0.001987392279936717,0.37643425823290966,0.5483333333333333,1.0
BBBP,A,PR-AUC,secondary,Random vs PSO,0.002100694059539443,0.4843267524333825,0.5227777777777778,1.0
BBBP,A,PR-AUC,secondary,TPE vs GWO,-0.004506144320529759,0.044907208532094955,0.3388888888888889,0.4041648767888546
BBBP,A,PR-AUC,secondary,TPE vs WOA,-0.002445663724914282,0.8235769439488649,0.5111111111111111,1.0
BBBP,A,PR-AUC,secondary,TPE vs PSO,-0.0007040085314816147,0.6554384250193834,0.49777777777777776,1.0
BBBP,A,PR-AUC,secondary,GWO vs WOA,0.005136134220190047,0.030788941794977615,0.6816666666666666,0.30788941794977615
BBBP,A,PR-AUC,secondary,GWO vs PSO,0.004971653204220605,0.05575359286146855,0.6594444444444445,0.4460287428917484
BBBP,A,PR-AUC,secondary,WOA vs PSO,0.0003674443109916714,0.9180842947167595,0.4772222222222222,1.0
BBBP,B,ROC-AUC,primary,Random vs TPE,-0.009433962264150941,0.06989291124045849,0.36277777777777775,0.4892503786832094
BBBP,B,ROC-AUC,primary,Random vs GWO,-0.00393602399100329,0.15794767439365387,0.4,0.934951715891009
BBBP,B,ROC-AUC,primary,Random vs WOA,0.0038110708484316302,0.46454504504799843,0.5488888888888889,1.0
BBBP,B,ROC-AUC,primary,Random vs PSO,-0.006435086842434046,0.15582528598183484,0.36444444444444446,0.934951715891009
BBBP,B,ROC-AUC,primary,TPE vs GWO,0.001436961139572701,0.5698575973510742,0.5122222222222222,1.0
BBBP,B,ROC-AUC,primary,TPE vs WOA,0.004498313132575316,0.006224135206056659,0.6672222222222223,0.06224135206056659
BBBP,B,ROC-AUC,primary,TPE vs PSO,0.0006872422841434078,0.9344276103618695,0.47833333333333333,1.0
BBBP,B,ROC-AUC,primary,GWO vs WOA,0.007247282269148947,0.036434996873140335,0.6427777777777778,0.2914799749851227
BBBP,B,ROC-AUC,primary,GWO vs PSO,-0.0028114457078594057,0.761065473780036,0.4572222222222222,1.0
BBBP,B,ROC-AUC,primary,WOA vs PSO,-0.006372610271148327,0.03098480962216854,0.32666666666666666,0.27886328659951687
BBBP,B,PR-AUC,secondary,Random vs TPE,-0.0019961166726061297,0.22855282202363014,0.42,1.0
BBBP,B,PR-AUC,secondary,Random vs GWO,-0.002157699427149773,0.09194962680339813,0.39111111111111113,0.9194962680339813
BBBP,B,PR-AUC,secondary,Random vs WOA,0.0005327109463096336,0.5698575973510742,0.5166666666666667,1.0
BBBP,B,PR-AUC,secondary,Random vs PSO,-0.0018949138817733746,0.22855282202363014,0.3811111111111111,1.0
BBBP,B,PR-AUC,secondary,TPE vs GWO,0.0001390587631756035,0.935398668050766,0.4622222222222222,1.0
BBBP,B,PR-AUC,secondary,TPE vs WOA,0.0018222784909079914,0.18396909348666668,0.5844444444444444,1.0
BBBP,B,PR-AUC,secondary,TPE vs PSO,-0.0002791101993909195,0.8552717231214046,0.45444444444444443,1.0
BBBP,B,PR-AUC,secondary,GWO vs WOA,0.0021764543023841676,0.09194962680339813,0.6122222222222222,0.9194962680339813
BBBP,B,PR-AUC,secondary,GWO vs PSO,0.0003019150371222912,0.9515264742076397,0.4866666666666667,1.0
BBBP,B,PR-AUC,secondary,WOA vs PSO,-0.003445899091666982,0.13473508320748806,0.39222222222222225,1.0
BACE,A,ROC-AUC,primary,Random vs TPE,-0.0035576923076923173,0.8130022920762853,0.4683333333333333,1.0
BACE,A,ROC-AUC,primary,Random vs GWO,-0.004903846153846203,0.0332130054367695,0.3894444444444444,0.332130054367695
BACE,A,ROC-AUC,primary,Random vs WOA,-0.0035576923076923173,0.4344150609334032,0.4444444444444444,1.0
BACE,A,ROC-AUC,primary,Random vs PSO,-0.009423076923076978,0.08777328168425508,0.3661111111111111,0.7899595351582958
BACE,A,ROC-AUC,primary,TPE vs GWO,0.00038461538461542766,0.5371693406458211,0.445,1.0
BACE,A,ROC-AUC,primary,TPE vs WOA,-0.00048076923076922906,0.8855115327408294,0.4638888888888889,1.0
BACE,A,ROC-AUC,primary,TPE vs PSO,-0.0024038461538461453,0.12935307621955872,0.38666666666666666,1.0
BACE,A,ROC-AUC,primary,GWO vs WOA,0.0018269230769230593,0.4283933955121819,0.5372222222222223,1.0
BACE,A,ROC-AUC,primary,GWO vs PSO,-0.0014423076923077982,0.45886634186305064,0.455,1.0
BACE,A,ROC-AUC,primary,WOA vs PSO,-0.0026923076923076605,0.38763406979631043,0.4161111111111111,1.0
BACE,A,PR-AUC,secondary,Random vs TPE,0.006635558422437404,0.09568879925719145,0.5983333333333334,0.861199193314723
BACE,A,PR-AUC,secondary,Random vs GWO,-0.001284901821444584,0.6657055242215795,0.49444444444444446,1.0
BACE,A,PR-AUC,secondary,Random vs WOA,-0.0025258077151941727,0.4466159723014135,0.4127777777777778,1.0
BACE,A,PR-AUC,secondary,Random vs PSO,-0.00589026476400617,0.22490195842435756,0.425,1.0
BACE,A,PR-AUC,secondary,TPE vs GWO,-0.0007492273494622559,0.21714119249561847,0.3972222222222222,1.0
BACE,A,PR-AUC,secondary,TPE vs WOA,-0.010961747025653112,0.12290187413290313,0.37277777777777776,0.983214993063225
BACE,A,PR-AUC,secondary,TPE vs PSO,-0.01010667801320736,0.052263347432017326,0.37333333333333335,0.5226334743201733
BACE,A,PR-AUC,secondary,GWO vs WOA,-0.0024560830011493007,0.7420719154895175,0.44055555555555553,1.0
BACE,A,PR-AUC,secondary,GWO vs PSO,-0.002001456903731491,0.38763406979631043,0.435,1.0
BACE,A,PR-AUC,secondary,WOA vs PSO,0.00379664971991317,0.871207794174552,0.49777777777777776,1.0
BACE,B,ROC-AUC,primary,Random vs TPE,-9.61538461538014e-05,0.7111891622396356,0.4588888888888889,1.0
BACE,B,ROC-AUC,primary,Random vs GWO,0.001634615384615401,0.6435078226002144,0.43722222222222223,1.0
BACE,B,ROC-AUC,primary,Random vs WOA,-0.0012499999999999734,0.7765688337385654,0.4711111111111111,1.0
BACE,B,ROC-AUC,primary,Random vs PSO,-0.00874999999999998,0.04068635816350872,0.3661111111111111,0.4068635816350872
BACE,B,ROC-AUC,primary,TPE vs GWO,0.00048076923076922906,0.8290085803026446,0.4816666666666667,1.0
BACE,B,ROC-AUC,primary,TPE vs WOA,0.005288461538461575,0.7035412962116332,0.5038888888888889,1.0
BACE,B,ROC-AUC,primary,TPE vs PSO,-0.0006730769230769984,0.3037281576754598,0.39944444444444444,1.0
BACE,B,ROC-AUC,primary,GWO vs WOA,-0.00038461538461537215,0.7921590935438871,0.5411111111111111,1.0
BACE,B,ROC-AUC,primary,GWO vs PSO,-0.006730769230769262,0.22064675763249397,0.4061111111111111,1.0
BACE,B,ROC-AUC,primary,WOA vs PSO,-0.006538461538461604,0.04069167575060676,0.3761111111111111,0.4068635816350872
BACE,B,PR-AUC,secondary,Random vs TPE,-0.0028166112603295046,0.4589970390898609,0.465,1.0
BACE,B,PR-AUC,secondary,Random vs GWO,0.004703804842582371,0.761065473780036,0.49333333333333335,1.0
BACE,B,PR-AUC,secondary,Random vs WOA,0.0037342752255422607,0.8552717231214046,0.4811111111111111,1.0
BACE,B,PR-AUC,secondary,Random vs PSO,0.0016552024077092775,0.6508890889031386,0.44166666666666665,1.0
BACE,B,PR-AUC,secondary,TPE vs GWO,0.005308695843113054,0.4898460879921913,0.5388888888888889,1.0
BACE,B,PR-AUC,secondary,TPE vs WOA,0.006110513472030954,0.685047073289752,0.5411111111111111,1.0
BACE,B,PR-AUC,secondary,TPE vs PSO,0.006895687300812081,0.7420719154895175,0.5127777777777778,1.0
BACE,B,PR-AUC,secondary,GWO vs WOA,-0.001731991355429563,0.7765688337385654,0.49333333333333335,1.0
BACE,B,PR-AUC,secondary,GWO vs PSO,-0.0037131537508918733,0.583757072687149,0.46555555555555556,1.0
BACE,B,PR-AUC,secondary,WOA vs PSO,-0.0029712999732510736,0.583757072687149,0.47555555555555556,1.0
