dataset,method,F,fraction_median,fraction_ci_low,fraction_ci_high,fraction_q25,fraction_q75,nogueira,nogueira_ci_low,nogueira_ci_high
ESOL,Random,188,0.5159574468085106,0.48670212765957444,0.5265957446808511,0.4734042553191489,0.5398936170212766,0.01620827904994737,0.005127941354072815,0.027288616745821927
ESOL,TPE,188,0.5159574468085106,0.5026595744680851,0.523936170212766,0.49069148936170215,0.5319148936170213,0.015039679791236105,0.0061115933294729335,0.023967766252999276
ESOL,GWO,188,0.44680851063829785,0.4308510638297872,0.4734042553191489,0.42154255319148937,0.4734042553191489,0.0170003997995406,0.008027012241767707,0.025973787357313493
ESOL,WOA,188,0.5292553191489362,0.47606382978723405,0.6515957446808511,0.4734042553191489,0.7047872340425532,-0.0006539903975391059,-0.01018948075836809,0.008881499963289878
ESOL,PSO,188,0.5079787234042553,0.4946808510638298,0.5265957446808511,0.48936170212765956,0.5398936170212766,0.013473609491333471,0.003875380415903809,0.023071838566763134
FreeSolv,Random,171,0.5146198830409356,0.48830409356725146,0.5380116959064327,0.47953216374269003,0.543859649122807,0.023507589627795755,0.012089356697350031,0.034925822558241476
FreeSolv,TPE,171,0.4853801169590643,0.4707602339181286,0.49707602339181284,0.4619883040935672,0.49707602339181284,0.02644919710731186,0.017037414452401794,0.035860979762221926
FreeSolv,GWO,171,0.4298245614035088,0.4152046783625731,0.4415204678362573,0.4049707602339181,0.4619883040935672,0.02568552331658258,0.014498834952353074,0.03687221168081209
FreeSolv,WOA,171,0.5789473684210527,0.4093567251461988,0.6783625730994152,0.3771929824561403,0.7076023391812865,-0.0007199472099104209,-0.012174090232630712,0.01073419581280987
FreeSolv,PSO,171,0.48830409356725146,0.47368421052631576,0.5116959064327485,0.4678362573099415,0.5263157894736842,0.017155334690926227,0.007551851546065209,0.026758817835787246
Lipophilicity,Random,207,0.5193236714975845,0.5072463768115942,0.5314009661835749,0.5036231884057971,0.5362318840579711,0.009594190810996217,0.00180013478110797,0.017388246840884462
Lipophilicity,TPE,207,0.5120772946859904,0.4975845410628019,0.5314009661835749,0.49396135265700486,0.535024154589372,0.018107426742169475,0.008914439830009552,0.0273004136543294
Lipophilicity,GWO,207,0.46859903381642515,0.45893719806763283,0.4758454106280193,0.44082125603864736,0.4782608695652174,0.014131822861546017,0.007852545560669211,0.020411100162422823
Lipophilicity,WOA,207,0.5893719806763285,0.5483091787439613,0.673913043478261,0.5289855072463768,0.6908212560386473,-0.001220175530202816,-0.011343921501050961,0.008903570440645329
Lipophilicity,PSO,207,0.5169082125603864,0.5024154589371981,0.5410628019323671,0.5024154589371981,0.5458937198067633,0.017082122997960636,0.008289183781396718,0.025875062214524555
BBBP,Random,210,0.5142857142857142,0.4904761904761905,0.5238095238095238,0.47857142857142854,0.530952380952381,0.006897577763034346,-0.0017729115742096731,0.015568067100278365
BBBP,TPE,210,0.49047619047619045,0.48095238095238096,0.5214285714285715,0.48095238095238096,0.5321428571428571,0.011109604913866367,0.0010927533557534425,0.02112645647197929
BBBP,GWO,210,0.44047619047619047,0.42142857142857143,0.45,0.4154761904761905,0.47023809523809523,0.0186393178300871,0.008100192293494362,0.029178443366679838
BBBP,WOA,210,0.5,0.45476190476190476,0.5571428571428572,0.41547619047619044,0.5988095238095238,0.002692953305908352,-0.00689109439751498,0.012277001009331684
BBBP,PSO,210,0.5,0.4880952380952381,0.5047619047619047,0.48095238095238096,0.5083333333333333,0.010616904896547874,0.0013899711438841115,0.01984383864921164
BACE,Random,193,0.48704663212435234,0.47668393782383417,0.5051813471502591,0.47150259067357514,0.5129533678756477,0.012305051818803037,0.002162478330349108,0.022447625307256965
BACE,TPE,193,0.5025906735751295,0.48445595854922274,0.5259067357512953,0.47150259067357514,0.5323834196891192,0.009706518011493914,-0.0032069103421675307,0.02261994636515536
BACE,GWO,193,0.4430051813471503,0.43005181347150256,0.46113989637305697,0.4170984455958549,0.46632124352331605,0.03338138628224285,0.01942732002961922,0.047335452534866485
BACE,WOA,193,0.43005181347150256,0.40932642487046633,0.48445595854922274,0.39896373056994816,0.49740932642487046,0.004710830058442528,-0.004408636265813634,0.01383029638269869
BACE,PSO,193,0.49740932642487046,0.48186528497409326,0.5129533678756477,0.48186528497409326,0.5207253886010362,0.021357616217620223,0.010907882324063088,0.03180735011117736
