method,dataset,experiment,metric,median_ref,median_a0,median_paired_diff_ref_better,p_raw,unique_ref_median,unique_a0_median,p_holm
GWO,ESOL,A,RMSE,0.9162831994292727,0.9134368483978423,-0.0022625934694933125,0.46454504504799843,100.0,91.0,1.0
GWO,ESOL,B,RMSE,0.9187959760919509,0.9109864464087353,-0.008104875723893068,0.04171288577313593,100.0,91.0,0.41712885773135927
GWO,FreeSolv,A,RMSE,2.45582189495267,2.514281503261767,0.05342226691046048,0.12797460438600614,100.0,91.0,1.0
GWO,FreeSolv,B,RMSE,2.4254597830345546,2.397276859284685,-0.031669615100005544,0.8552717231214046,100.0,91.0,1.0
GWO,Lipophilicity,A,RMSE,0.7261758778791696,0.7262930916428385,0.0002230006677884644,0.6263462882488966,100.0,91.0,1.0
GWO,Lipophilicity,B,RMSE,0.7339991078522036,0.7376823746928576,0.005908738278003645,0.21714119249561847,100.0,91.0,1.0
GWO,BBBP,A,ROC-AUC,0.9094714482069224,0.9074721979257778,0.0021866799950018834,0.16471360520000222,100.0,91.0,1.0
GWO,BBBP,B,ROC-AUC,0.9069723853554916,0.9070348619267774,0.00356116456328881,0.17789591393265258,100.0,91.0,1.0
GWO,BACE,A,ROC-AUC,0.8146153846153846,0.8151923076923078,-0.0020192307692308287,0.5297864944173225,100.0,91.0,1.0
GWO,BACE,B,ROC-AUC,0.8185576923076924,0.814326923076923,0.0028846153846152633,0.42243284708802853,100.0,91.0,1.0
WOA,ESOL,A,RMSE,0.9109774923304255,0.9047063224172136,-0.003175833646066717,0.308520769700408,97.5,92.0,1.0
WOA,ESOL,B,RMSE,0.91791925404171,0.9109051829833479,-0.003387183339778277,0.935398668050766,97.5,92.5,1.0
WOA,FreeSolv,A,RMSE,2.602675492083118,2.5906689174053303,-0.006035476788371907,0.8049969467596507,96.5,91.5,1.0
WOA,FreeSolv,B,RMSE,2.544227158227371,2.482575108849473,-0.0380406757083398,0.28936620615422726,97.0,92.0,1.0
WOA,Lipophilicity,A,RMSE,0.727326407960651,0.727216152004935,-0.0007008744718252635,0.6807876537200936,97.0,93.0,1.0
WOA,Lipophilicity,B,RMSE,0.7391642287410489,0.7455497801044968,0.005953383145862301,0.10039735585451126,97.5,92.0,1.0
WOA,BBBP,A,ROC-AUC,0.9035049356491316,0.9020992127952019,-0.00012495314257154888,0.8855115327408294,96.5,92.0,1.0
WOA,BBBP,B,ROC-AUC,0.9036611270773459,0.9025990253654879,-0.0008746719980009532,0.6288339286813942,97.0,92.0,1.0
WOA,BACE,A,ROC-AUC,0.8157692307692308,0.8151923076923077,-0.005192307692307718,0.1880369621740111,96.0,92.0,1.0
WOA,BACE,B,ROC-AUC,0.8115384615384615,0.8129807692307692,-0.00038461538461531664,0.893638795810523,97.5,93.0,1.0
