dataset,experiment,metric,method,conclusion_ref,p_holm_ref,median_improvement_ref,conclusion_a0,p_holm_a0,median_improvement_a0,changed
ESOL,A,RMSE,Random,worse,6.51925802230835e-08,-0.03505777846787511,worse,6.51925802230835e-08,-0.03505777846787511,False
ESOL,A,RMSE,TPE,worse,7.450580596923828e-08,-0.029920940432600684,worse,7.450580596923828e-08,-0.029920940432600684,False
ESOL,A,RMSE,GWO,worse,1.4137476682662964e-06,-0.02743428998671682,worse,4.733353853225708e-05,-0.024587938955286492,False
ESOL,A,RMSE,WOA,worse,1.597777009010315e-05,-0.022128582887869508,worse,0.009301122277975082,-0.015857412974657703,False
ESOL,A,RMSE,PSO,worse,1.4137476682662964e-06,-0.027106806625082802,worse,2.073124051094055e-06,-0.027106806625082802,False
ESOL,B,RMSE,Random,worse,0.0028553232550621033,-0.03208809959996112,worse,0.0038070976734161377,-0.03208809959996112,False
ESOL,B,RMSE,TPE,worse,0.029325857758522034,-0.011642813015467657,worse,0.029325857758522034,-0.011642813015467657,False
ESOL,B,RMSE,GWO,worse,0.0009430013597011566,-0.029947066649394893,worse,0.018602244555950165,-0.022137536966179372,False
ESOL,B,RMSE,WOA,worse,0.0026662126183509827,-0.029070344599154085,worse,0.0007643550634384155,-0.022056273540791982,False
ESOL,B,RMSE,PSO,worse,0.005532640963792801,-0.016217263942874538,worse,0.008298961445689201,-0.016217263942874538,False
FreeSolv,A,RMSE,Random,better,2.6885420083999634e-05,0.19956752673450473,better,2.6885420083999634e-05,0.19956752673450473,False
FreeSolv,A,RMSE,TPE,better,3.91155481338501e-07,0.2960769909911556,better,2.60770320892334e-07,0.2960769909911556,False
FreeSolv,A,RMSE,GWO,better,3.725290298461914e-08,0.35497214608080707,better,3.725290298461914e-08,0.29651253777171016,False
FreeSolv,A,RMSE,WOA,better,2.384185791015625e-06,0.20811854895035897,better,5.587935447692871e-08,0.2201251236281465,False
FreeSolv,A,RMSE,PSO,better,9.313225746154785e-09,0.32105498072268346,better,9.313225746154785e-09,0.32105498072268346,False
FreeSolv,B,RMSE,Random,better,1.043081283569336e-07,0.354661223058077,better,7.82310962677002e-08,0.354661223058077,False
FreeSolv,B,RMSE,TPE,better,1.043081283569336e-07,0.34652796255783147,better,7.82310962677002e-08,0.34652796255783147,False
FreeSolv,B,RMSE,GWO,better,3.2782554626464844e-07,0.38533425799892274,better,1.862645149230957e-08,0.4135171817487924,False
FreeSolv,B,RMSE,WOA,better,3.2391399145126343e-06,0.2665668828061061,better,3.2391399145126343e-06,0.3282189321840041,False
FreeSolv,B,RMSE,PSO,better,1.862645149230957e-08,0.42072847568901084,better,1.862645149230957e-08,0.42072847568901084,False
Lipophilicity,A,RMSE,Random,better,3.91155481338501e-08,0.030855951743808674,better,2.60770320892334e-08,0.030855951743808674,False
Lipophilicity,A,RMSE,TPE,better,9.313225746154785e-09,0.03477945474631866,better,9.313225746154785e-09,0.03477945474631866,False
Lipophilicity,A,RMSE,GWO,better,9.313225746154785e-09,0.033856343323386995,better,9.313225746154785e-09,0.033739129559718084,False
Lipophilicity,A,RMSE,WOA,better,5.21540641784668e-08,0.03270581324190558,better,1.1175870895385742e-08,0.03281606919762159,False
Lipophilicity,A,RMSE,PSO,better,5.21540641784668e-08,0.03160271672786785,better,2.60770320892334e-08,0.03160271672786785,False
Lipophilicity,B,RMSE,Random,better,6.51925802230835e-08,0.022184152631142595,better,5.21540641784668e-08,0.022184152631142595,False
Lipophilicity,B,RMSE,TPE,better,9.443610906600952e-07,0.021750849727531663,better,9.443610906600952e-07,0.021750849727531663,False
Lipophilicity,B,RMSE,GWO,better,7.450580596923828e-08,0.026033113350352965,better,1.862645149230957e-08,0.0223498465096989,False
Lipophilicity,B,RMSE,WOA,better,9.443610906600952e-07,0.020867992461507556,better,2.6885420083999634e-05,0.014482441098059684,False
Lipophilicity,B,RMSE,PSO,better,9.443610906600952e-07,0.025713553378551246,better,9.443610906600952e-07,0.025713553378551246,False
BBBP,A,ROC-AUC,Random,worse,8.419156074523926e-06,-0.012120454829438854,worse,8.419156074523926e-06,-0.012120454829438854,False
BBBP,A,ROC-AUC,TPE,worse,8.419156074523926e-06,-0.014775709109084045,worse,8.419156074523926e-06,-0.014775709109084045,False
BBBP,A,ROC-AUC,GWO,worse,0.0011545227415428662,-0.0056853679870048635,worse,1.1371448636054993e-05,-0.0076846182681493125,False
BBBP,A,ROC-AUC,WOA,worse,2.2506739567505982e-05,-0.011651880544795601,worse,1.1371448636054993e-05,-0.01305760339872536,False
BBBP,A,ROC-AUC,PSO,worse,1.1639698547540072e-05,-0.014182181681869188,worse,1.1371448636054993e-05,-0.014182181681869188,False
BBBP,B,ROC-AUC,Random,worse,0.00014238703266675917,-0.011183306260152293,worse,0.00010679027450006938,-0.011183306260152293,False
BBBP,B,ROC-AUC,TPE,worse,0.002490534288946719,-0.00393602399100329,worse,0.001660356192631146,-0.00393602399100329,False
BBBP,B,ROC-AUC,GWO,worse,0.002665519491245101,-0.008184430838435619,worse,4.8799202295632683e-05,-0.008121954267149789,False
BBBP,B,ROC-AUC,WOA,worse,2.874192948982723e-05,-0.011495689116581276,worse,4.8799202295632683e-05,-0.012557790828439275,False
BBBP,B,ROC-AUC,PSO,worse,0.003158569871770366,-0.005935274272148017,worse,0.003158569871770366,-0.005935274272148017,False
BACE,A,ROC-AUC,Random,n.s.,0.35128265185171725,-0.004326923076923006,n.s.,0.35128265185171725,-0.004326923076923006,False
BACE,A,ROC-AUC,TPE,n.s.,1.0,-0.0007692307692307443,n.s.,1.0,-0.0007692307692307443,False
BACE,A,ROC-AUC,GWO,n.s.,1.0,0.00019230769230771383,n.s.,1.0,0.0007692307692307998,False
BACE,A,ROC-AUC,WOA,n.s.,1.0,0.0013461538461538303,n.s.,1.0,0.0007692307692307443,False
BACE,A,ROC-AUC,PSO,n.s.,1.0,0.004711538461538489,n.s.,1.0,0.004711538461538489,False
BACE,B,ROC-AUC,Random,n.s.,1.0,-0.0010576923076922595,n.s.,1.0,-0.0010576923076922595,False
BACE,B,ROC-AUC,TPE,n.s.,1.0,0.0035576923076923173,n.s.,1.0,0.0035576923076923173,False
BACE,B,ROC-AUC,GWO,n.s.,0.8685161342615806,0.004134615384615459,n.s.,1.0,-9.615384615385691e-05,False
BACE,B,ROC-AUC,WOA,n.s.,1.0,-0.0028846153846153744,n.s.,1.0,-0.0014423076923076872,False
BACE,B,ROC-AUC,PSO,n.s.,0.10619325843381439,0.00528846153846152,n.s.,0.10619325843381439,0.00528846153846152,False
