dataset,experiment,default_val,median_best_val_optimizers,val_headroom,val_headroom_pct,default_test,median_test_optimizers,test_improvement,test_improvement_pct
ESOL,A,0.8605224379566973,0.7220143084321018,0.13850812952459546,16.095818472029823,0.8888489094425559,0.9164630025491305,-0.02761409310657459,-3.1067252052874594
ESOL,B,0.8605224379566973,0.7247996218231783,0.135722816133519,15.77214145116211,0.8888489094425559,0.9094691302757572,-0.020620220833201253,-2.3198791846561733
FreeSolv,A,3.272302082867219,2.5692148098183663,0.7030872730488529,21.4860136761213,2.810794041033477,2.5178030890482104,0.2929909519852667,10.42377875105852
FreeSolv,B,3.272302082867219,2.269728446285608,1.002573636581611,30.638174935950513,2.810794041033477,2.455309687218871,0.3554843538146062,12.647114965559739
Lipophilicity,A,0.7369110374281476,0.6943492295119373,0.042561807916210226,5.775705038257106,0.7600322212025565,0.7269987041853079,0.03303351701724866,4.34633112856473
Lipophilicity,B,0.7369110374281476,0.7021342269686013,0.03477681045954628,4.719268499616847,0.7600322212025565,0.7370599078211688,0.02297231338138772,3.0225446685720656
BBBP,A,0.9244239631336405,0.9460829493087558,0.021658986175115302,2.3429710867397913,0.9151568161939272,0.9034736973634886,-0.011683118830438599,-1.2766247951938847
BBBP,B,0.9244239631336405,0.9505595786701777,0.026135615536537204,2.8272325879504354,0.9151568161939272,0.9055979007872048,-0.00955891540672238,-1.0445111960677118
BACE,A,0.8594325718496685,0.8864222549742079,0.02698968312453942,3.140407288317255,0.8144230769230769,0.8145192307692308,9.615384615391243e-05,0.011806375442747217
BACE,B,0.8594325718496685,0.8991341193809875,0.03970154753131905,4.619506966773843,0.8144230769230769,0.8173076923076923,0.0028846153846153744,0.3541912632821711
