dataset,method,median_s_per_call,median_unique,min_unique,total_cpu_h_clean,total_cpu_h_raw,dropped_calls
BACE,GWO,1.2845986249885755,100.0,100,3.1673981250000036,3.16745398219442,0
BACE,PSO,1.349620250010048,100.0,100,3.1257886398889805,3.125842832444436,0
BACE,Random,1.378517674995237,100.0,100,3.194513904222331,3.194565027083332,0
BACE,TPE,1.077516649995232,100.0,100,2.871911515860694,2.8720126221111424,0
BACE,WOA,1.1619727999932365,97.0,92,2.646683512611344,2.6467315896666617,0
BBBP,GWO,1.9769835749902995,100.0,100,3.5549600952228584,3.5550194222221845,0
BBBP,PSO,1.433306850005465,100.0,100,2.7910972671664704,2.7911512657500457,0
BBBP,Random,0.9189533749959082,100.0,100,2.0988386675834207,2.0988882296388733,0
BBBP,TPE,1.4670370499952696,100.0,100,3.2344227504443146,3.234533173500006,0
BBBP,WOA,1.3561769750231178,97.0,92,2.6901218365561443,2.690176674277868,0
ESOL,GWO,4.017134699985036,100.0,100,8.951374851667595,8.951430728333394,0
ESOL,PSO,3.2744665000063833,100.0,100,7.1588842495000184,7.158939767000047,0
ESOL,Random,2.0059689750050893,100.0,100,5.876104586361172,5.876158890416595,0
ESOL,TPE,3.5717640000002575,100.0,100,10.208840481555825,10.208959712111067,0
ESOL,WOA,2.8914876249909867,97.5,93,7.402058578250079,7.402111182111144,0
FreeSolv,GWO,0.7036105750012212,100.0,100,1.9705985733329725,1.9706466903333786,0
FreeSolv,PSO,0.8983242250033072,100.0,100,2.3997892878891434,2.3998390506666087,0
FreeSolv,Random,1.228287249999994,100.0,100,3.112483707528219,3.1125308440277633,0
FreeSolv,TPE,0.7579747249983484,100.0,100,1.8913210483334115,1.89140210850001,0
FreeSolv,WOA,0.8915208000107668,97.0,63,2.059990018305511,30.44534981297208,10
Lipophilicity,GWO,10.165173225002945,100.0,100,22.17046269522136,22.17051517983344,0
Lipophilicity,PSO,11.113591975008603,100.0,100,22.76583295350002,22.76588511852782,0
Lipophilicity,Random,8.676352624992433,100.0,100,23.885155516221786,23.88521123188888,0
Lipophilicity,TPE,11.007934125009342,100.0,100,28.22839852886119,28.228514585444458,0
Lipophilicity,WOA,10.209361350018298,97.0,92,22.735266379972632,22.7353175381389,0
