dataset,optimizer,val_raw_normal,val_raw_mirrored,unique_normal,unique_mirrored,frac_iqr_normal,frac_iqr_mirrored
BBBP,random,0.0521395655036208,0.05339038841342985,100.0,100.0,0.48-0.53,0.49-0.52
BBBP,tpe,0.04818959842001315,0.0467412771560237,100.0,100.0,0.48-0.53,0.48-0.52
BBBP,gwo_ref,0.0467412771560237,0.04637919684002635,100.0,100.0,0.42-0.47,0.53-0.58
BBBP,woa_ref,0.0503620803159973,0.05325872284397625,97.0,98.0,0.42-0.60,0.39-0.52
BBBP,pso,0.0504279131007241,0.0491112574061882,100.0,100.0,0.48-0.51,0.47-0.51
FreeSolv,random,2.414497288186973,2.444939036029032,100.0,100.0,0.48-0.54,0.49-0.52
FreeSolv,tpe,2.1350984643326276,2.0976701449760675,100.0,100.0,0.46-0.50,0.47-0.53
FreeSolv,gwo_ref,2.0443715267045697,2.1089071184485797,100.0,100.0,0.40-0.46,0.52-0.57
FreeSolv,woa_ref,2.411472908199703,2.3562164695779577,97.0,97.0,0.38-0.71,0.35-0.58
FreeSolv,pso,2.2771489234124793,2.1882914822530974,100.0,100.0,0.47-0.53,0.46-0.52
