optimizer,sphere,dim,seed,best,unique
random,centered,10,0,0.13661715820802578,100
random,centered,10,1,0.3110080067289115,100
random,centered,10,2,0.3301604087149267,100
random,centered,10,3,0.31267777714146405,100
random,centered,10,4,0.3784130675642827,100
random,centered,10,5,0.3772814891770797,100
random,centered,10,6,0.27728865792809937,100
random,centered,10,7,0.2661888353132656,100
random,centered,10,8,0.22896911631066338,100
random,centered,10,9,0.21618628078028557,100
random,centered,10,10,0.2601192417480047,100
random,centered,10,11,0.29459646176729143,100
random,centered,10,12,0.44284316642170585,100
random,centered,10,13,0.3105343743779484,100
random,centered,10,14,0.4325186895127059,100
random,centered,10,15,0.3265105177685884,100
random,centered,10,16,0.23545201324445092,100
random,centered,10,17,0.2625783467350186,100
random,centered,10,18,0.26031862065245864,100
random,centered,10,19,0.31079963927092835,100
random,centered,10,20,0.3666445452555699,100
random,centered,10,21,0.15566670932350787,100
random,centered,10,22,0.24947691317462833,100
random,centered,10,23,0.262493925693454,100
random,centered,10,24,0.35074234669395205,100
random,centered,10,25,0.3781358933614854,100
random,centered,10,26,0.3696654305328203,100
random,centered,10,27,0.25355937344274404,100
random,centered,10,28,0.22161452032892515,100
random,centered,10,29,0.3050439017926956,100
gwo,centered,10,0,0.019684657684167953,91
gwo,centered,10,1,0.05450444607111531,91
gwo,centered,10,2,0.046156839874804165,91
gwo,centered,10,3,0.036338663046771524,91
gwo,centered,10,4,0.02151036366028378,91
gwo,centered,10,5,0.038012037844241536,91
gwo,centered,10,6,0.03780248428713843,91
gwo,centered,10,7,0.026490869458851957,91
gwo,centered,10,8,0.12270547943283969,91
gwo,centered,10,9,0.016011961450963376,91
gwo,centered,10,10,0.023879137963606908,91
gwo,centered,10,11,0.09011957419332592,91
gwo,centered,10,12,0.03703736996505668,91
gwo,centered,10,13,0.08734432560899129,91
gwo,centered,10,14,0.09740462630115795,91
gwo,centered,10,15,0.05569447668294009,91
gwo,centered,10,16,0.08543299726664902,91
gwo,centered,10,17,0.038400795358304055,91
gwo,centered,10,18,0.07631746228243584,91
gwo,centered,10,19,0.06668102879666298,91
gwo,centered,10,20,0.01928942811838963,91
gwo,centered,10,21,0.06205380204598285,91
gwo,centered,10,22,0.03231166087586102,91
gwo,centered,10,23,0.029919769019111333,91
gwo,centered,10,24,0.05291252274961317,91
gwo,centered,10,25,0.16040845676101462,91
gwo,centered,10,26,0.01778224241984894,91
gwo,centered,10,27,0.11260660721288923,91
gwo,centered,10,28,0.016508942032958395,91
gwo,centered,10,29,0.06220280989997484,91
pso,centered,10,0,0.038207854468517564,100
pso,centered,10,1,0.020837765606728918,100
pso,centered,10,2,0.042290882164777305,100
pso,centered,10,3,0.08887056044154393,100
pso,centered,10,4,0.013863633839529942,100
pso,centered,10,5,0.018343364539734182,100
pso,centered,10,6,0.030054162612773827,100
pso,centered,10,7,0.04262655408031915,100
pso,centered,10,8,0.019475990941508852,100
pso,centered,10,9,0.07979691801766964,100
pso,centered,10,10,0.03600657187283465,100
pso,centered,10,11,0.03694524302118808,100
pso,centered,10,12,0.040314424278764166,100
pso,centered,10,13,0.04077953846102037,100
pso,centered,10,14,0.03687479183023932,100
pso,centered,10,15,0.03538354873020478,100
pso,centered,10,16,0.04257257080429543,100
pso,centered,10,17,0.030750836511260624,100
pso,centered,10,18,0.04315095451235775,100
pso,centered,10,19,0.06435820456160107,100
pso,centered,10,20,0.02366937579303244,100
pso,centered,10,21,0.024072190418444044,100
pso,centered,10,22,0.03927849071699254,100
pso,centered,10,23,0.017196414438573653,100
pso,centered,10,24,0.04506071940316195,100
pso,centered,10,25,0.033515109794962854,100
pso,centered,10,26,0.06977635968029233,100
pso,centered,10,27,0.02588659231686143,100
pso,centered,10,28,0.04897283338203364,100
pso,centered,10,29,0.017879715355915475,100
random,shifted,10,0,0.22930175145462792,100
random,shifted,10,1,0.4718097994614882,100
random,shifted,10,2,0.27144210708929684,100
random,shifted,10,3,0.2971437264983486,100
random,shifted,10,4,0.33706425620765207,100
random,shifted,10,5,0.20126174385247378,100
random,shifted,10,6,0.3811098090212079,100
random,shifted,10,7,0.4169547090985531,100
random,shifted,10,8,0.2312381225616879,100
random,shifted,10,9,0.4735543545741272,100
random,shifted,10,10,0.4180691906578899,100
random,shifted,10,11,0.21338949289358133,100
random,shifted,10,12,0.553793463124197,100
random,shifted,10,13,0.31220804408193203,100
random,shifted,10,14,0.38412181376056503,100
random,shifted,10,15,0.445662768936374,100
random,shifted,10,16,0.5171864194254956,100
random,shifted,10,17,0.3578582304095092,100
random,shifted,10,18,0.3910607562848564,100
random,shifted,10,19,0.35462439726154105,100
random,shifted,10,20,0.39326290371896605,100
random,shifted,10,21,0.30353049828692624,100
random,shifted,10,22,0.25411721651377084,100
random,shifted,10,23,0.27761991916357825,100
random,shifted,10,24,0.18795511160115183,100
random,shifted,10,25,0.3299428915367301,100
random,shifted,10,26,0.23526496076970987,100
random,shifted,10,27,0.2994890660872972,100
random,shifted,10,28,0.29357269125749,100
random,shifted,10,29,0.3071452020048937,100
gwo,shifted,10,0,0.3068412044739467,91
gwo,shifted,10,1,0.07291857629083226,91
gwo,shifted,10,2,0.040329953249285753,91
gwo,shifted,10,3,0.02414077510597596,91
gwo,shifted,10,4,0.11843952510846384,91
gwo,shifted,10,5,0.011775096367114483,91
gwo,shifted,10,6,0.026425142063519293,91
gwo,shifted,10,7,0.01890440374647728,91
gwo,shifted,10,8,0.05042408963380196,91
gwo,shifted,10,9,0.10311969350781056,91
gwo,shifted,10,10,0.08438405358894746,91
gwo,shifted,10,11,0.012480438784904176,91
gwo,shifted,10,12,0.06222530141421935,91
gwo,shifted,10,13,0.009475468942573017,91
gwo,shifted,10,14,0.07460340651821512,91
gwo,shifted,10,15,0.19426814748694213,91
gwo,shifted,10,16,0.027825460951743833,91
gwo,shifted,10,17,0.05802040718258387,91
gwo,shifted,10,18,0.020549936322766714,91
gwo,shifted,10,19,0.16038119426240588,91
gwo,shifted,10,20,0.0213917374769954,91
gwo,shifted,10,21,0.09939766171041965,91
gwo,shifted,10,22,0.03530142804506793,91
gwo,shifted,10,23,0.044751523660919605,91
gwo,shifted,10,24,0.02502932386822257,91
gwo,shifted,10,25,0.024119899423458917,91
gwo,shifted,10,26,0.07771151072117914,91
gwo,shifted,10,27,0.015719162090961913,91
gwo,shifted,10,28,0.0685316990428934,91
gwo,shifted,10,29,0.034396478352822016,91
pso,shifted,10,0,0.22748055476683915,100
pso,shifted,10,1,0.04285567524804252,100
pso,shifted,10,2,0.1031590805047039,100
pso,shifted,10,3,0.10877975877991736,100
pso,shifted,10,4,0.06312424402896277,100
pso,shifted,10,5,0.10309491110615578,100
pso,shifted,10,6,0.031968959556367825,100
pso,shifted,10,7,0.033333850342951776,100
pso,shifted,10,8,0.08685865750337739,100
pso,shifted,10,9,0.13696278122974095,100
pso,shifted,10,10,0.06395051344741486,100
pso,shifted,10,11,0.10976446818139586,100
pso,shifted,10,12,0.05474327860395389,100
pso,shifted,10,13,0.036056446571071175,100
pso,shifted,10,14,0.115461024009562,100
pso,shifted,10,15,0.17485495369149393,100
pso,shifted,10,16,0.06472632115128131,100
pso,shifted,10,17,0.036285402713240725,100
pso,shifted,10,18,0.08314434093437108,100
pso,shifted,10,19,0.04258116467565175,100
pso,shifted,10,20,0.08101195521716269,100
pso,shifted,10,21,0.04626851807406503,100
pso,shifted,10,22,0.039636686180244754,100
pso,shifted,10,23,0.05274268015884008,100
pso,shifted,10,24,0.0753055107405406,100
pso,shifted,10,25,0.03896742841988793,100
pso,shifted,10,26,0.020649582146669333,100
pso,shifted,10,27,0.0719607184088147,100
pso,shifted,10,28,0.08292658394647152,100
pso,shifted,10,29,0.154529058079102,100
random,centered,200,0,14.314063273101503,100
random,centered,200,1,13.514275794954248,100
random,centered,200,2,13.70479311169572,100
random,centered,200,3,14.107269548361248,100
random,centered,200,4,14.849127321473748,100
random,centered,200,5,13.865929537519673,100
random,centered,200,6,14.18433510945728,100
random,centered,200,7,14.08519791561602,100
random,centered,200,8,14.189978417164854,100
random,centered,200,9,14.12878229450849,100
random,centered,200,10,14.25057879315333,100
random,centered,200,11,12.127527521712699,100
random,centered,200,12,13.014019927657493,100
random,centered,200,13,14.578643124761037,100
random,centered,200,14,13.480835867447897,100
random,centered,200,15,13.761409610204431,100
random,centered,200,16,13.961412529167127,100
random,centered,200,17,13.592540047522643,100
random,centered,200,18,14.367559478429339,100
random,centered,200,19,13.329326032195365,100
random,centered,200,20,13.844744880435197,100
random,centered,200,21,14.055387804947257,100
random,centered,200,22,14.432976024710719,100
random,centered,200,23,13.74275820849007,100
random,centered,200,24,14.486225794579003,100
random,centered,200,25,14.152747969097817,100
random,centered,200,26,13.580879746508689,100
random,centered,200,27,14.443340779916921,100
random,centered,200,28,14.259624944246063,100
random,centered,200,29,13.598439382604768,100
gwo,centered,200,0,7.853080248234089,91
gwo,centered,200,1,8.084096989334606,91
gwo,centered,200,2,9.160831120512299,91
gwo,centered,200,3,7.760329092315298,91
gwo,centered,200,4,7.505043046208647,91
gwo,centered,200,5,7.593988755714177,91
gwo,centered,200,6,7.8560159453240335,91
gwo,centered,200,7,7.247590962968895,91
gwo,centered,200,8,7.149096961281358,91
gwo,centered,200,9,6.988575336847282,91
gwo,centered,200,10,9.161798174378568,91
gwo,centered,200,11,8.143142290503,91
gwo,centered,200,12,9.034048530051738,91
gwo,centered,200,13,8.284100544241479,91
gwo,centered,200,14,8.946441611376326,91
gwo,centered,200,15,7.5272671387806565,91
gwo,centered,200,16,7.936744338095823,91
gwo,centered,200,17,8.474101314263455,91
gwo,centered,200,18,7.916628184681995,91
gwo,centered,200,19,7.466714621751483,91
gwo,centered,200,20,8.441982103728566,91
gwo,centered,200,21,8.675377722593122,91
gwo,centered,200,22,8.649615237205936,91
gwo,centered,200,23,8.973736540777924,91
gwo,centered,200,24,7.1341023066081775,91
gwo,centered,200,25,8.566332773949185,91
gwo,centered,200,26,8.257656677981503,91
gwo,centered,200,27,7.8847039341297815,91
gwo,centered,200,28,8.235457983013658,91
gwo,centered,200,29,8.55387182454357,91
pso,centered,200,0,6.071818643634281,100
pso,centered,200,1,5.124241056152812,100
pso,centered,200,2,6.5057378905609315,100
pso,centered,200,3,6.183530380810915,100
pso,centered,200,4,5.08079478723906,100
pso,centered,200,5,6.951896021038114,100
pso,centered,200,6,5.955935825485984,100
pso,centered,200,7,6.1835875753004625,100
pso,centered,200,8,5.921832919177627,100
pso,centered,200,9,5.509358853878886,100
pso,centered,200,10,6.0856025923782,100
pso,centered,200,11,6.505351687912142,100
pso,centered,200,12,5.545294174987532,100
pso,centered,200,13,6.325894111768213,100
pso,centered,200,14,5.975607672976361,100
pso,centered,200,15,5.335867440860664,100
pso,centered,200,16,5.325041539913416,100
pso,centered,200,17,6.707663094546627,100
pso,centered,200,18,5.249453215085682,100
pso,centered,200,19,6.035338109877397,100
pso,centered,200,20,5.726978291966908,100
pso,centered,200,21,6.069434195894301,100
pso,centered,200,22,5.897474649908503,100
pso,centered,200,23,6.280658012849537,100
pso,centered,200,24,6.112596066883449,100
pso,centered,200,25,5.750356544662093,100
pso,centered,200,26,5.5369376431732515,100
pso,centered,200,27,6.020355022931954,100
pso,centered,200,28,6.205052081630609,100
pso,centered,200,29,5.42163214114386,100
random,shifted,200,0,21.24417784153432,100
random,shifted,200,1,21.246385350685458,100
random,shifted,200,2,21.82344115262486,100
random,shifted,200,3,20.806625467979067,100
random,shifted,200,4,21.490852692777953,100
random,shifted,200,5,21.924880649262576,100
random,shifted,200,6,19.942958056368898,100
random,shifted,200,7,21.9239242224947,100
random,shifted,200,8,21.975286808325002,100
random,shifted,200,9,22.729639257606475,100
random,shifted,200,10,22.32096446663015,100
random,shifted,200,11,22.133373570902044,100
random,shifted,200,12,22.642915421027894,100
random,shifted,200,13,22.092616825939317,100
random,shifted,200,14,22.335757768370538,100
random,shifted,200,15,21.2358066841807,100
random,shifted,200,16,23.03673116075971,100
random,shifted,200,17,22.116664233748118,100
random,shifted,200,18,21.81597734039772,100
random,shifted,200,19,21.16092876378726,100
random,shifted,200,20,22.56950017027131,100
random,shifted,200,21,20.996019023889083,100
random,shifted,200,22,20.435430414272357,100
random,shifted,200,23,20.244237282245024,100
random,shifted,200,24,20.408293334338953,100
random,shifted,200,25,21.01647137118215,100
random,shifted,200,26,20.890697150087767,100
random,shifted,200,27,21.210292172267202,100
random,shifted,200,28,20.578170376317075,100
random,shifted,200,29,20.153046053588362,100
gwo,shifted,200,0,15.507418802467914,91
gwo,shifted,200,1,14.057181514414152,91
gwo,shifted,200,2,14.24567659990581,91
gwo,shifted,200,3,14.618208539671535,91
gwo,shifted,200,4,11.76880650718035,91
gwo,shifted,200,5,14.389479587444734,91
gwo,shifted,200,6,16.385610592397924,91
gwo,shifted,200,7,14.78137695845341,91
gwo,shifted,200,8,16.48740338082868,91
gwo,shifted,200,9,15.47312623330034,91
gwo,shifted,200,10,13.102494982855852,91
gwo,shifted,200,11,14.22200394192944,91
gwo,shifted,200,12,15.135360167023197,91
gwo,shifted,200,13,15.788701651146361,91
gwo,shifted,200,14,15.539234759487107,91
gwo,shifted,200,15,15.800614824050013,91
gwo,shifted,200,16,13.908058280480724,91
gwo,shifted,200,17,15.353976119271085,91
gwo,shifted,200,18,14.55724742644432,91
gwo,shifted,200,19,13.933806752115107,91
gwo,shifted,200,20,16.39742887671913,91
gwo,shifted,200,21,14.742924759764541,91
gwo,shifted,200,22,14.496444159340808,91
gwo,shifted,200,23,14.355974009792725,91
gwo,shifted,200,24,12.659825452470951,91
gwo,shifted,200,25,12.748733641109624,91
gwo,shifted,200,26,14.694998085925999,91
gwo,shifted,200,27,14.572992804589447,91
gwo,shifted,200,28,14.065558060474487,91
gwo,shifted,200,29,16.43261423811034,91
pso,shifted,200,0,13.906209179589531,100
pso,shifted,200,1,13.707166055683167,100
pso,shifted,200,2,15.230756857198163,100
pso,shifted,200,3,15.27104203259298,100
pso,shifted,200,4,13.312591366028819,100
pso,shifted,200,5,17.338303949523134,100
pso,shifted,200,6,14.407551093059269,100
pso,shifted,200,7,14.026028510507311,100
pso,shifted,200,8,14.281911670991486,100
pso,shifted,200,9,13.732442351382424,100
pso,shifted,200,10,16.043326193975027,100
pso,shifted,200,11,13.57554448519467,100
pso,shifted,200,12,15.128282843699026,100
pso,shifted,200,13,14.66103094971629,100
pso,shifted,200,14,15.889494499191922,100
pso,shifted,200,15,14.394961805574706,100
pso,shifted,200,16,15.532662903687964,100
pso,shifted,200,17,14.364201445388193,100
pso,shifted,200,18,13.175728691782947,100
pso,shifted,200,19,14.700375695434715,100
pso,shifted,200,20,15.886227065279654,100
pso,shifted,200,21,14.79957584272059,100
pso,shifted,200,22,15.774844947274305,100
pso,shifted,200,23,12.597016706898376,100
pso,shifted,200,24,14.133074872937513,100
pso,shifted,200,25,13.589092015789516,100
pso,shifted,200,26,14.116141769744363,100
pso,shifted,200,27,16.58617762659449,100
pso,shifted,200,28,13.75614310440003,100
pso,shifted,200,29,15.928308320674319,100
woa,centered,10,0,0.2238700706828818,90
woa,centered,10,1,0.2901997603784272,93
woa,centered,10,2,0.40659250505937666,91
woa,centered,10,3,0.07620912952511663,92
woa,centered,10,4,0.12290855387483476,89
woa,centered,10,5,0.3763942093839885,93
woa,centered,10,6,0.1779525901254075,89
woa,centered,10,7,0.38213368607034714,92
woa,centered,10,8,0.18072539688514278,87
woa,centered,10,9,0.4111462206444554,91
woa,centered,10,10,0.21987583698138735,88
woa,centered,10,11,0.3656869230908874,93
woa,centered,10,12,0.26977109093428325,90
woa,centered,10,13,0.07235475892050348,92
woa,centered,10,14,0.13945783455735433,90
woa,centered,10,15,0.3078197766870589,89
woa,centered,10,16,0.23486898303677922,91
woa,centered,10,17,0.27586695970215197,89
woa,centered,10,18,0.10215472158352124,91
woa,centered,10,19,0.14081783344983587,93
woa,centered,10,20,0.12558709969508342,90
woa,centered,10,21,0.3381698970567768,90
woa,centered,10,22,0.27582461070918124,86
woa,centered,10,23,0.36340137589637256,88
woa,centered,10,24,0.2355824973326172,88
woa,centered,10,25,0.2114273959776221,92
woa,centered,10,26,0.4165975870561028,92
woa,centered,10,27,0.1268962336667799,91
woa,centered,10,28,0.4565299815847321,88
woa,centered,10,29,0.20777538705654558,93
woa,shifted,10,0,0.43946108796763816,88
woa,shifted,10,1,0.5737248815204835,92
woa,shifted,10,2,0.3876965667193308,91
woa,shifted,10,3,0.41775384168784274,89
woa,shifted,10,4,0.30475228952839084,86
woa,shifted,10,5,0.5998830013791678,91
woa,shifted,10,6,0.29423833140006384,88
woa,shifted,10,7,0.5374293519226633,90
woa,shifted,10,8,0.22956129753574153,87
woa,shifted,10,9,0.34003664150060975,90
woa,shifted,10,10,0.15806388926278017,92
woa,shifted,10,11,0.41402873774803994,94
woa,shifted,10,12,0.3125620499417287,91
woa,shifted,10,13,0.31856193171071706,87
woa,shifted,10,14,0.5393293910370414,90
woa,shifted,10,15,0.24320337821709914,92
woa,shifted,10,16,0.48614356361919264,91
woa,shifted,10,17,0.4583106302719336,89
woa,shifted,10,18,0.31272140696440476,92
woa,shifted,10,19,0.41457923734424196,90
woa,shifted,10,20,0.3123160627885754,91
woa,shifted,10,21,0.5507050647928855,89
woa,shifted,10,22,0.28036950247514264,90
woa,shifted,10,23,0.4172121510465535,89
woa,shifted,10,24,0.18069747577607756,87
woa,shifted,10,25,0.2512708352002524,92
woa,shifted,10,26,0.14059768523525779,92
woa,shifted,10,27,0.19090591761950643,90
woa,shifted,10,28,0.3650119946538522,90
woa,shifted,10,29,0.5477204767294765,88
woa,centered,200,0,10.220932343259285,90
woa,centered,200,1,6.283271416562361,96
woa,centered,200,2,1.5900602784218378,87
woa,centered,200,3,12.307341603235088,89
woa,centered,200,4,6.420393456261559,94
woa,centered,200,5,3.2441243204702253,91
woa,centered,200,6,4.375082905386686,92
woa,centered,200,7,9.802308291028071,88
woa,centered,200,8,10.328934685357707,93
woa,centered,200,9,9.495223607860554,89
woa,centered,200,10,7.54360569485439,90
woa,centered,200,11,6.766816716642982,92
woa,centered,200,12,9.981710953535725,90
woa,centered,200,13,4.423772648241823,91
woa,centered,200,14,9.393691855254598,90
woa,centered,200,15,7.40537821740879,92
woa,centered,200,16,11.319840711052883,93
woa,centered,200,17,11.137482017058419,93
woa,centered,200,18,5.357971328091105,95
woa,centered,200,19,8.262208783401913,94
woa,centered,200,20,12.979626444483962,94
woa,centered,200,21,8.546170264680434,92
woa,centered,200,22,7.210874818521976,90
woa,centered,200,23,6.553036523805617,89
woa,centered,200,24,10.731403171556298,94
woa,centered,200,25,8.408803932859879,89
woa,centered,200,26,8.257343722154916,93
woa,centered,200,27,6.582774578899645,94
woa,centered,200,28,6.9691559531989355,88
woa,centered,200,29,8.720225165586468,85
woa,shifted,200,0,17.701189280741595,90
woa,shifted,200,1,16.35494514541844,97
woa,shifted,200,2,15.107518402300682,88
woa,shifted,200,3,20.529168080397262,91
woa,shifted,200,4,15.795904764087286,92
woa,shifted,200,5,14.148938845369246,90
woa,shifted,200,6,15.064924338468611,92
woa,shifted,200,7,16.041457414549026,89
woa,shifted,200,8,20.20946944436558,94
woa,shifted,200,9,18.084952918272947,88
woa,shifted,200,10,17.38672556382145,87
woa,shifted,200,11,15.01540948548923,90
woa,shifted,200,12,18.868264790431276,89
woa,shifted,200,13,14.501159348155621,91
woa,shifted,200,14,19.252267664939964,91
woa,shifted,200,15,16.39937094821886,89
woa,shifted,200,16,23.33031545640074,92
woa,shifted,200,17,18.29649172613137,94
woa,shifted,200,18,12.750661290506171,94
woa,shifted,200,19,17.590124129543348,95
woa,shifted,200,20,22.023306543667466,92
woa,shifted,200,21,17.09552054971206,94
woa,shifted,200,22,15.566402943675216,90
woa,shifted,200,23,15.170667465099708,88
woa,shifted,200,24,19.673712170896806,94
woa,shifted,200,25,15.29163885880877,89
woa,shifted,200,26,15.920362309267425,92
woa,shifted,200,27,17.04414343961969,92
woa,shifted,200,28,15.153562038132886,90
woa,shifted,200,29,19.502187078415076,86
tpe,centered,10,0,0.06485582972929868,100
tpe,centered,10,1,0.02204455027790992,100
tpe,centered,10,2,0.04457310832160659,100
tpe,centered,10,3,0.10494092822009182,100
tpe,centered,10,4,0.10926327505326447,100
tpe,centered,10,5,0.0354747682520607,100
tpe,centered,10,6,0.01738067040318734,100
tpe,centered,10,7,0.039916602261206524,100
tpe,centered,10,8,0.04139954542973065,100
tpe,centered,10,9,0.0623778075702311,100
tpe,centered,10,10,0.03524067177217998,100
tpe,centered,10,11,0.06893934538714233,100
tpe,centered,10,12,0.08131935492434916,100
tpe,centered,10,13,0.02238119353421146,100
tpe,centered,10,14,0.06226457828502746,100
tpe,centered,10,15,0.012913938568336296,100
tpe,centered,10,16,0.06510168633600749,100
tpe,centered,10,17,0.08168353679335649,100
tpe,centered,10,18,0.03452150198814244,100
tpe,centered,10,19,0.08496830643740826,100
tpe,centered,10,20,0.039625006858298846,100
tpe,centered,10,21,0.05973683003423912,100
tpe,centered,10,22,0.03354361154918072,100
tpe,centered,10,23,0.027750677052250317,100
tpe,centered,10,24,0.038342775638029125,100
tpe,centered,10,25,0.1712547250250232,100
tpe,centered,10,26,0.0583207161119461,100
tpe,centered,10,27,0.05016625797199378,100
tpe,centered,10,28,0.05550319781371462,100
tpe,centered,10,29,0.02451309736714387,100
tpe,shifted,10,0,0.03665315917699539,100
tpe,shifted,10,1,0.04682198009744451,100
tpe,shifted,10,2,0.13669872181366605,100
tpe,shifted,10,3,0.04124551281085015,100
tpe,shifted,10,4,0.07114791067846324,100
tpe,shifted,10,5,0.034134295099312005,100
tpe,shifted,10,6,0.11674080081720459,100
tpe,shifted,10,7,0.04496426671119412,100
tpe,shifted,10,8,0.008733110904542124,100
tpe,shifted,10,9,0.058656567604396234,100
tpe,shifted,10,10,0.04171364108549454,100
tpe,shifted,10,11,0.03395060492446352,100
tpe,shifted,10,12,0.11921199502584068,100
tpe,shifted,10,13,0.01134359304201471,100
tpe,shifted,10,14,0.08953089661305866,100
tpe,shifted,10,15,0.03643087951746532,100
tpe,shifted,10,16,0.05120340974166185,100
tpe,shifted,10,17,0.07206803695444075,100
tpe,shifted,10,18,0.05435426053223315,100
tpe,shifted,10,19,0.0431783867593042,100
tpe,shifted,10,20,0.04881904402752106,100
tpe,shifted,10,21,0.0477013901226921,100
tpe,shifted,10,22,0.045903705906372196,100
tpe,shifted,10,23,0.09035581606852648,100
tpe,shifted,10,24,0.019886879107857913,100
tpe,shifted,10,25,0.039284612904342354,100
tpe,shifted,10,26,0.005395309900039826,100
tpe,shifted,10,27,0.029940336829400237,100
tpe,shifted,10,28,0.04005336003406641,100
tpe,shifted,10,29,0.044863218133580386,100
tpe,centered,200,0,11.948741898967357,100
tpe,centered,200,1,12.007127210983976,100
tpe,centered,200,2,11.889481041200812,100
tpe,centered,200,3,11.830852037110052,100
tpe,centered,200,4,11.555323357695038,100
tpe,centered,200,5,11.125748112071715,100
tpe,centered,200,6,11.766078659550498,100
tpe,centered,200,7,11.743891309245925,100
tpe,centered,200,8,11.648135156671664,100
tpe,centered,200,9,11.03256996053846,100
tpe,centered,200,10,10.784877583855927,100
tpe,centered,200,11,11.9239547395435,100
tpe,centered,200,12,11.246258279334272,100
tpe,centered,200,13,12.283568308119879,100
tpe,centered,200,14,11.716231461223806,100
tpe,centered,200,15,11.494614080352441,100
tpe,centered,200,16,11.473230523856346,100
tpe,centered,200,17,11.144663878023934,100
tpe,centered,200,18,11.506211274248294,100
tpe,centered,200,19,10.650377899896391,100
tpe,centered,200,20,11.914772918412911,100
tpe,centered,200,21,10.929819567103046,100
tpe,centered,200,22,12.06204952728593,100
tpe,centered,200,23,11.976885969642714,100
tpe,centered,200,24,11.336930807544768,100
tpe,centered,200,25,11.118580174064638,100
tpe,centered,200,26,11.073640196948535,100
tpe,centered,200,27,10.933513753378177,100
tpe,centered,200,28,11.530186009807625,100
tpe,centered,200,29,12.828890975172518,100
tpe,shifted,200,0,17.136304194146202,100
tpe,shifted,200,1,16.142795392792912,100
tpe,shifted,200,2,17.900680609685217,100
tpe,shifted,200,3,17.96206604461281,100
tpe,shifted,200,4,17.856951156573633,100
tpe,shifted,200,5,18.258674287405416,100
tpe,shifted,200,6,14.075286628767762,100
tpe,shifted,200,7,15.953636510231831,100
tpe,shifted,200,8,16.807854006965208,100
tpe,shifted,200,9,16.59249840961744,100
tpe,shifted,200,10,16.566753859190687,100
tpe,shifted,200,11,16.21492075754364,100
tpe,shifted,200,12,18.042356958565144,100
tpe,shifted,200,13,16.999065140093307,100
tpe,shifted,200,14,18.858444651971148,100
tpe,shifted,200,15,19.365704570326912,100
tpe,shifted,200,16,17.041454575385977,100
tpe,shifted,200,17,17.439881323894603,100
tpe,shifted,200,18,17.329982384924136,100
tpe,shifted,200,19,19.35482006455425,100
tpe,shifted,200,20,18.116010894917075,100
tpe,shifted,200,21,17.178393588374544,100
tpe,shifted,200,22,17.54618597623017,100
tpe,shifted,200,23,15.68263789842173,100
tpe,shifted,200,24,17.580838387523325,100
tpe,shifted,200,25,17.161560596091523,100
tpe,shifted,200,26,18.758747242774817,100
tpe,shifted,200,27,16.854850710980376,100
tpe,shifted,200,28,17.44579363975699,100
tpe,shifted,200,29,17.13010061603716,100
gwo_ref,centered,10,0,0.018489343843989217,100
gwo_ref,centered,10,1,0.1233480225753204,100
gwo_ref,centered,10,2,0.04901185943774704,100
gwo_ref,centered,10,3,0.05434098697171302,100
gwo_ref,centered,10,4,0.02927917479821584,100
gwo_ref,centered,10,5,0.04211636862880012,100
gwo_ref,centered,10,6,0.06210842420952241,100
gwo_ref,centered,10,7,0.01594923085711078,100
gwo_ref,centered,10,8,0.10653014117156358,100
gwo_ref,centered,10,9,0.010984729447143385,100
gwo_ref,centered,10,10,0.05634028536804659,100
gwo_ref,centered,10,11,0.05895288579921662,100
gwo_ref,centered,10,12,0.03510769704628649,100
gwo_ref,centered,10,13,0.07878040871416009,100
gwo_ref,centered,10,14,0.02698131190698656,100
gwo_ref,centered,10,15,0.052739856253052476,100
gwo_ref,centered,10,16,0.044669367245768844,100
gwo_ref,centered,10,17,0.06436367293045794,100
gwo_ref,centered,10,18,0.06674949307772847,100
gwo_ref,centered,10,19,0.02832160377761169,100
gwo_ref,centered,10,20,0.024215589219062826,100
gwo_ref,centered,10,21,0.027038098411683933,100
gwo_ref,centered,10,22,0.03127393989384631,100
gwo_ref,centered,10,23,0.02035384987982476,100
gwo_ref,centered,10,24,0.049912012733456704,100
gwo_ref,centered,10,25,0.18882016870062626,100
gwo_ref,centered,10,26,0.01784764557941617,100
gwo_ref,centered,10,27,0.06846049376607535,100
gwo_ref,centered,10,28,0.015142915151665166,100
gwo_ref,centered,10,29,0.07811933267738529,100
woa_ref,centered,10,0,0.09075340523876191,92
woa_ref,centered,10,1,0.2583170716861816,98
woa_ref,centered,10,2,0.2272958847140217,98
woa_ref,centered,10,3,0.009542002537770463,96
woa_ref,centered,10,4,0.07633214148196388,94
woa_ref,centered,10,5,0.38422242383297295,93
woa_ref,centered,10,6,0.17787465640107114,96
woa_ref,centered,10,7,0.34578060235500396,96
woa_ref,centered,10,8,0.12325920703185496,94
woa_ref,centered,10,9,0.30885453300191235,95
woa_ref,centered,10,10,0.09358516092276407,92
woa_ref,centered,10,11,0.3039051696929955,96
woa_ref,centered,10,12,0.20840842819756084,95
woa_ref,centered,10,13,0.04461470774773591,94
woa_ref,centered,10,14,0.1694757837017252,97
woa_ref,centered,10,15,0.36812512242682954,96
woa_ref,centered,10,16,0.23517370030332418,97
woa_ref,centered,10,17,0.27257036157900716,97
woa_ref,centered,10,18,0.09996738224471823,96
woa_ref,centered,10,19,0.1471563988181079,96
woa_ref,centered,10,20,0.06809253801758067,98
woa_ref,centered,10,21,0.35985591090807917,95
woa_ref,centered,10,22,0.13945000471364258,93
woa_ref,centered,10,23,0.32518280153753204,93
woa_ref,centered,10,24,0.11541915049830145,97
woa_ref,centered,10,25,0.15565838525601966,97
woa_ref,centered,10,26,0.325569587554651,96
woa_ref,centered,10,27,0.11642317215369091,96
woa_ref,centered,10,28,0.2803696257900587,94
woa_ref,centered,10,29,0.16178972279710524,95
gwo_ref,shifted,10,0,0.3097499660344791,100
gwo_ref,shifted,10,1,0.0266567254253881,100
gwo_ref,shifted,10,2,0.007853315717646647,100
gwo_ref,shifted,10,3,0.03660945483216619,100
gwo_ref,shifted,10,4,0.10031725183761017,100
gwo_ref,shifted,10,5,0.014345365402145848,100
gwo_ref,shifted,10,6,0.02270984769410321,100
gwo_ref,shifted,10,7,0.011496714807515839,100
gwo_ref,shifted,10,8,0.024235239193981482,100
gwo_ref,shifted,10,9,0.09029555648714072,100
gwo_ref,shifted,10,10,0.08644689422048307,100
gwo_ref,shifted,10,11,0.02691785052286195,100
gwo_ref,shifted,10,12,0.046647188183939974,100
gwo_ref,shifted,10,13,0.01494733979514535,100
gwo_ref,shifted,10,14,0.025707785726253568,100
gwo_ref,shifted,10,15,0.1304755502029526,100
gwo_ref,shifted,10,16,0.02438623855440249,100
gwo_ref,shifted,10,17,0.041484637382699224,100
gwo_ref,shifted,10,18,0.05123509129983886,100
gwo_ref,shifted,10,19,0.12538346556793334,100
gwo_ref,shifted,10,20,0.029007805460738664,100
gwo_ref,shifted,10,21,0.09773461172937088,100
gwo_ref,shifted,10,22,0.03479825720457038,100
gwo_ref,shifted,10,23,0.04256956089624364,100
gwo_ref,shifted,10,24,0.015900770946095988,100
gwo_ref,shifted,10,25,0.04097775384784645,100
gwo_ref,shifted,10,26,0.08759118776692708,100
gwo_ref,shifted,10,27,0.02700274109911811,100
gwo_ref,shifted,10,28,0.05250460272063999,100
gwo_ref,shifted,10,29,0.04154117308583799,100
woa_ref,shifted,10,0,0.243564073003381,95
woa_ref,shifted,10,1,0.5129943578398104,97
woa_ref,shifted,10,2,0.2534340779708648,95
woa_ref,shifted,10,3,0.26006397693600614,93
woa_ref,shifted,10,4,0.29591783706113317,92
woa_ref,shifted,10,5,0.6621981145216169,94
woa_ref,shifted,10,6,0.29878703605794366,95
woa_ref,shifted,10,7,0.4551921613246817,95
woa_ref,shifted,10,8,0.2209022590937633,96
woa_ref,shifted,10,9,0.3251830862325121,95
woa_ref,shifted,10,10,0.18849008038906367,96
woa_ref,shifted,10,11,0.4057299870992181,96
woa_ref,shifted,10,12,0.3268705788237517,99
woa_ref,shifted,10,13,0.31851596059326964,92
woa_ref,shifted,10,14,0.549126527990976,95
woa_ref,shifted,10,15,0.20916008926319354,95
woa_ref,shifted,10,16,0.47841792393815397,97
woa_ref,shifted,10,17,0.4455753865531048,95
woa_ref,shifted,10,18,0.31432288998762536,95
woa_ref,shifted,10,19,0.3487971966682708,91
woa_ref,shifted,10,20,0.22681259171678805,96
woa_ref,shifted,10,21,0.49176266851455996,94
woa_ref,shifted,10,22,0.26314759390345427,94
woa_ref,shifted,10,23,0.3363478862646754,97
woa_ref,shifted,10,24,0.19029555876138068,96
woa_ref,shifted,10,25,0.34477864528539454,96
woa_ref,shifted,10,26,0.1261767534161925,99
woa_ref,shifted,10,27,0.26718527451717117,96
woa_ref,shifted,10,28,0.3274405298315073,94
woa_ref,shifted,10,29,0.4085980230450066,95
gwo_ref,centered,200,0,7.613220385495685,100
gwo_ref,centered,200,1,8.982456016095878,100
gwo_ref,centered,200,2,8.692297006611934,100
gwo_ref,centered,200,3,8.010570143792986,100
gwo_ref,centered,200,4,8.923260989292865,100
gwo_ref,centered,200,5,7.324488804511075,100
gwo_ref,centered,200,6,8.58588309707652,100
gwo_ref,centered,200,7,8.339984459543885,100
gwo_ref,centered,200,8,7.399568344994947,100
gwo_ref,centered,200,9,6.760512268926469,100
gwo_ref,centered,200,10,8.654338458644038,100
gwo_ref,centered,200,11,9.004020578284468,100
gwo_ref,centered,200,12,8.891687934959156,100
gwo_ref,centered,200,13,8.371176444873612,100
gwo_ref,centered,200,14,9.14266305262545,100
gwo_ref,centered,200,15,7.818046438204899,100
gwo_ref,centered,200,16,9.337885191127684,100
gwo_ref,centered,200,17,8.984146748903164,100
gwo_ref,centered,200,18,8.736110436121852,100
gwo_ref,centered,200,19,8.099779811145032,100
gwo_ref,centered,200,20,8.567511444983943,100
gwo_ref,centered,200,21,8.890554476967756,100
gwo_ref,centered,200,22,9.745116037058011,100
gwo_ref,centered,200,23,9.53875685166111,100
gwo_ref,centered,200,24,7.997477385328413,100
gwo_ref,centered,200,25,9.1706893161208,100
gwo_ref,centered,200,26,8.388834877166557,100
gwo_ref,centered,200,27,8.45268802826031,100
gwo_ref,centered,200,28,8.90910444388138,100
gwo_ref,centered,200,29,7.906184427913704,100
woa_ref,centered,200,0,10.602157101338292,97
woa_ref,centered,200,1,7.727248611186803,99
woa_ref,centered,200,2,12.907178970760937,96
woa_ref,centered,200,3,12.393834604010875,95
woa_ref,centered,200,4,5.83601571782726,98
woa_ref,centered,200,5,2.8823248581172956,96
woa_ref,centered,200,6,8.512963126656247,95
woa_ref,centered,200,7,10.537659273331034,97
woa_ref,centered,200,8,3.749226643677855,97
woa_ref,centered,200,9,10.658666675927144,96
woa_ref,centered,200,10,8.169163119858524,94
woa_ref,centered,200,11,5.581324453178093,92
woa_ref,centered,200,12,8.726177224321269,97
woa_ref,centered,200,13,3.2017213026412397,95
woa_ref,centered,200,14,7.313737180498749,92
woa_ref,centered,200,15,7.394990601344776,96
woa_ref,centered,200,16,11.0175781624883,96
woa_ref,centered,200,17,9.531855000608166,98
woa_ref,centered,200,18,3.2060817396725905,98
woa_ref,centered,200,19,7.992834188488677,94
woa_ref,centered,200,20,13.338306492190608,97
woa_ref,centered,200,21,4.890481734519425,95
woa_ref,centered,200,22,11.519783620811353,94
woa_ref,centered,200,23,8.53287831864153,96
woa_ref,centered,200,24,9.17105861126433,93
woa_ref,centered,200,25,11.659014319101106,97
woa_ref,centered,200,26,12.55101851836344,96
woa_ref,centered,200,27,6.596528574818933,99
woa_ref,centered,200,28,7.862013206529658,96
woa_ref,centered,200,29,10.783946017732822,93
gwo_ref,shifted,200,0,15.440208990850412,100
gwo_ref,shifted,200,1,13.538204790459911,100
gwo_ref,shifted,200,2,13.84577802553968,100
gwo_ref,shifted,200,3,14.717050141344268,100
gwo_ref,shifted,200,4,12.055032620466388,100
gwo_ref,shifted,200,5,14.392824450610794,100
gwo_ref,shifted,200,6,16.76490003272978,100
gwo_ref,shifted,200,7,14.968998787563018,100
gwo_ref,shifted,200,8,16.51882593878191,100
gwo_ref,shifted,200,9,14.222917299693886,100
gwo_ref,shifted,200,10,12.420388653168722,100
gwo_ref,shifted,200,11,13.885991284367039,100
gwo_ref,shifted,200,12,14.826589754202466,100
gwo_ref,shifted,200,13,15.425719030378387,100
gwo_ref,shifted,200,14,15.399490078127753,100
gwo_ref,shifted,200,15,14.813584400454811,100
gwo_ref,shifted,200,16,13.467950400159452,100
gwo_ref,shifted,200,17,16.084282762394288,100
gwo_ref,shifted,200,18,13.35174289462463,100
gwo_ref,shifted,200,19,14.681186391737718,100
gwo_ref,shifted,200,20,16.081030085842553,100
gwo_ref,shifted,200,21,14.768832572690673,100
gwo_ref,shifted,200,22,13.806220192861629,100
gwo_ref,shifted,200,23,14.345624290974587,100
gwo_ref,shifted,200,24,12.245708871483941,100
gwo_ref,shifted,200,25,13.093176058822136,100
gwo_ref,shifted,200,26,15.3267719948179,100
gwo_ref,shifted,200,27,15.86816331927917,100
gwo_ref,shifted,200,28,12.878139438703384,100
gwo_ref,shifted,200,29,15.306724726662502,100
woa_ref,shifted,200,0,18.49847334641692,97
woa_ref,shifted,200,1,16.40601875909974,98
woa_ref,shifted,200,2,21.129008254105084,96
woa_ref,shifted,200,3,20.71743525022799,95
woa_ref,shifted,200,4,14.804121695308943,97
woa_ref,shifted,200,5,13.949862316681795,96
woa_ref,shifted,200,6,17.272555533312396,97
woa_ref,shifted,200,7,13.626097542200668,96
woa_ref,shifted,200,8,13.77284890506628,97
woa_ref,shifted,200,9,18.51778897551148,95
woa_ref,shifted,200,10,19.22327903293894,96
woa_ref,shifted,200,11,15.082141423735198,95
woa_ref,shifted,200,12,17.886432619645888,95
woa_ref,shifted,200,13,13.377656401945668,94
woa_ref,shifted,200,14,15.189363882056469,95
woa_ref,shifted,200,15,16.01169592752606,95
woa_ref,shifted,200,16,23.303561244769686,98
woa_ref,shifted,200,17,16.94506331830769,98
woa_ref,shifted,200,18,16.60039481840111,98
woa_ref,shifted,200,19,16.719008251592467,96
woa_ref,shifted,200,20,23.345541333708262,98
woa_ref,shifted,200,21,15.170044511797917,97
woa_ref,shifted,200,22,19.75720564907776,94
woa_ref,shifted,200,23,15.712659479718596,96
woa_ref,shifted,200,24,16.912560807466964,93
woa_ref,shifted,200,25,18.669288321306674,95
woa_ref,shifted,200,26,21.191337333341274,95
woa_ref,shifted,200,27,17.79374082469161,98
woa_ref,shifted,200,28,15.734991532537244,96
woa_ref,shifted,200,29,21.26918856236457,96
