dataset,experiment,fit_mean_s,fit_median_s,fit_p90_s,n_fresh_calls,source
BBBP,A,2.330711174242194,1.9828489500068827,4.217396499997995,198,smoke
BBBP,B,1.0767324095473874,0.772483499997179,2.185263220002525,199,smoke
ESOL,A,6.907549891413914,4.780169150006259,14.748493270002667,198,smoke
ESOL,B,3.016326725756781,2.070277550003084,6.665365359991849,198,smoke
FreeSolv,A,3.086267947500164,1.9215895500019542,6.426562119998564,40,"probe (random search, val only)"
FreeSolv,B,1.4677750424991245,0.9505064499971922,2.6050961099972483,40,"probe (random search, val only)"
Lipophilicity,A,12.870411655000499,8.554099050001241,28.852619200001943,40,"probe (random search, val only)"
Lipophilicity,B,7.8394348349986105,3.095251949991507,17.871891760001017,40,"probe (random search, val only)"
BACE,A,2.9113050925003336,1.801947600004496,6.19772963000869,40,"probe (random search, val only)"
BACE,B,1.6594741849992716,1.4820404999918537,2.4616382600113873,40,"probe (random search, val only)"
