optimizer,dim,total_s,per_call_ms,last10_per_call_ms
random,8,0.0004842000489588827,0.004842000489588827,0.004949998401571065
random,179,0.0007580000237794593,0.007580000237794593,0.003539999306667596
random,196,0.00058359993272461,0.0058359993272461,0.003649998689070344
random,201,0.0006051000382285565,0.006051000382285565,0.004039998748339713
random,215,0.0005936000525252894,0.005936000525252894,0.004379999882075936
random,218,0.0005389000725699589,0.005389000725699589,0.0049899987061508
tpe,8,0.8177551998669514,8.177551998669514,7.958909997250885
tpe,179,9.486015299975406,94.86015299975406,139.87939000071492
tpe,196,9.871888299996499,98.71888299996499,133.36564999917755
tpe,201,10.496680999931414,104.96680999931414,152.1518900000956
tpe,215,11.143831199995475,111.43831199995475,133.43198999937158
tpe,218,10.98761250001553,109.8761250001553,122.69919000100344
gwo,8,0.0014644999318988994,0.014644999318988994,0.009829997725319117
gwo,179,0.002828999873599969,0.02828999873599969,0.025170001026708633
gwo,196,0.0026680999289965257,0.026680999289965257,0.02820999943651259
gwo,201,0.002495099979569204,0.02495099979569204,0.020830002904403955
gwo,215,0.002438200084725395,0.02438200084725395,0.02357999765081331
gwo,218,0.002983499944093637,0.02983499944093637,0.05242999905021861
woa,8,0.0021541000314755365,0.021541000314755365,0.016950002464000136
woa,179,0.0021060999570181593,0.021060999570181593,0.019539995992090553
woa,196,0.0021054999670013785,0.021054999670013785,0.017819997447077185
woa,201,0.0020993000507587567,0.020993000507587567,0.018370000179857016
woa,215,0.0020760998595505953,0.020760998595505953,0.01839999749790877
woa,218,0.002201600043918006,0.02201600043918006,0.01674000232014805
pso,8,0.0008152999071171507,0.008152999071171507,0.0067200002376921475
pso,179,0.0013767000491498038,0.013767000491498038,0.01123999827541411
pso,196,0.0012176999007351696,0.012176999007351696,0.010650002514012158
pso,201,0.0013245000591268763,0.013245000591268763,0.012880000576842576
pso,215,0.0014292999258032069,0.014292999258032069,0.010900001507252455
pso,218,0.0013011000264668837,0.013011000264668837,0.011409999569877982
