dataset,experiment,optimizer,seed,budget,n_calls,n_unique,best_call_idx,best_val_fitness,best_val_raw_metric,n_selected,n_features_total,best_iteration,test_rmse,test_mae,test_r2,refit_n_trees,refit_time,search_time,fit_time_sum,overhead_sum,peak_rss_mb,best_config,best_selected_mask_hex,optimizer_meta,test_roc_auc,test_pr_auc
ESOL,A,random,0,20,20,20,8,0.7487541135792212,0.7487541135792212,188,188,368,0.9482127118250094,0.701592764232011,0.7646800271429299,369,13.21817779999401,108.41588760000013,108.39794039998378,0.0008963000000221655,272.38671875,"{""n_estimators_max"": 369, ""max_depth"": 8, ""learning_rate"": 0.019710992964654606, ""subsample"": 0.9710565552532489, ""colsample_bytree"": 0.55557711777138, ""min_child_weight"": 1.2749562421252072, ""reg_lambda"": 0.32842227576202493, ""reg_alpha"": 5.112322143469578}",,{},,
ESOL,A,random,1,20,20,20,18,0.7223669697514175,0.7223669697514175,188,188,413,0.9116606056740005,0.6778075468223707,0.7824727745501945,414,27.879032400000142,140.39872150000883,140.36713650000456,0.000928100009332411,291.98828125,"{""n_estimators_max"": 555, ""max_depth"": 9, ""learning_rate"": 0.02727471912672857, ""subsample"": 0.8843858799545832, ""colsample_bytree"": 0.6679406662135778, ""min_child_weight"": 1.4094446432305368, ""reg_lambda"": 7.242207701407439, ""reg_alpha"": 0.040415215191964914}",,{},,
ESOL,A,tpe,0,20,20,20,5,0.7540099068914299,0.7540099068914299,188,188,27,0.8994441080388171,0.6931141193593497,0.7882635605980634,28,0.8931918000016594,81.37306379999791,81.14745279999624,0.20405760002904572,242.83984375,"{""n_estimators_max"": 423, ""max_depth"": 6, ""learning_rate"": 0.1072718739522941, ""subsample"": 0.5301127358146349, ""colsample_bytree"": 0.7667367008119674, ""min_child_weight"": 4.684226315946503, ""reg_lambda"": 0.006942729492430145, ""reg_alpha"": 0.003278726498335276}",,"{""optuna_version"": ""5.0.0"", ""n_startup_trials"": 10, ""multivariate"": true, ""consider_endpoints"": false, ""constant_liar"": true, ""n_ei_candidates"": 24, ""constant_liar_effective"": false, ""study_n_jobs"": 1}",,
ESOL,A,tpe,1,20,20,20,5,0.747348725310001,0.747348725310001,188,188,261,0.9442058434620039,0.711334666319653,0.7666646112802523,262,10.214127600003849,171.31191540000145,171.07802420006192,0.21109599992632866,360.75390625,"{""n_estimators_max"": 990, ""max_depth"": 8, ""learning_rate"": 0.025956718153987902, ""subsample"": 0.8946396642257443, ""colsample_bytree"": 0.3722582046043494, ""min_child_weight"": 2.804745928005876, ""reg_lambda"": 4.309054751874308, ""reg_alpha"": 0.014943646773788358}",,"{""optuna_version"": ""5.0.0"", ""n_startup_trials"": 10, ""multivariate"": true, ""consider_endpoints"": false, ""constant_liar"": true, ""n_ei_candidates"": 24, ""constant_liar_effective"": false, ""study_n_jobs"": 1}",,
ESOL,A,gwo,0,20,20,20,8,0.7487541135792212,0.7487541135792212,188,188,368,0.9482127118250094,0.701592764232011,0.7646800271429299,369,13.866736600000877,126.37579979999282,126.35719619998417,0.0004564999835565686,272.63671875,"{""n_estimators_max"": 369, ""max_depth"": 8, ""learning_rate"": 0.019710992964654606, ""subsample"": 0.9710565552532489, ""colsample_bytree"": 0.55557711777138, ""min_child_weight"": 1.2749562421252072, ""reg_lambda"": 0.32842227576202493, ""reg_alpha"": 5.112322143469578}",,"{""pop"": 10, ""iterations"": 2}",,
ESOL,A,gwo,1,20,20,20,12,0.754566374460759,0.754566374460759,188,188,266,0.8903021086614208,0.6818866392811843,0.7925458881553195,267,5.851347499992698,163.60453350000898,163.5752402999642,0.0008013999904505908,292.1171875,"{""n_estimators_max"": 844, ""max_depth"": 6, ""learning_rate"": 0.019423649869365265, ""subsample"": 0.6229054292455529, ""colsample_bytree"": 0.5412156014243171, ""min_child_weight"": 6.6812489578191245, ""reg_lambda"": 0.1701279410637188, ""reg_alpha"": 1.462501918170178}",,"{""pop"": 10, ""iterations"": 2}",,
ESOL,A,woa,0,20,20,19,8,0.7487541135792212,0.7487541135792212,188,188,368,0.9482127118250094,0.701592764232011,0.7646800271429299,369,13.780256800004281,126.27893430000404,126.25672819997999,0.0005156999686732888,272.3828125,"{""n_estimators_max"": 369, ""max_depth"": 8, ""learning_rate"": 0.019710992964654606, ""subsample"": 0.9710565552532489, ""colsample_bytree"": 0.55557711777138, ""min_child_weight"": 1.2749562421252072, ""reg_lambda"": 0.32842227576202493, ""reg_alpha"": 5.112322143469578}",,"{""pop"": 10, ""iterations"": 2, ""b"": 1.0, ""branch_counts"": {""search"": 0, ""encircle"": 1, ""spiral"": 9}, ""random_whale"": ""per_dimension"", ""update"": ""synchronous (deviation: reference code is in-place)""}",,
ESOL,A,woa,1,20,20,19,19,0.7462499766211502,0.7462499766211502,188,188,256,0.927389275659158,0.6871763437458899,0.7749021318068641,257,21.435885099999723,150.8077489999996,150.7775400999817,0.0006419999845093116,293.328125,"{""n_estimators_max"": 657, ""max_depth"": 10, ""learning_rate"": 0.022927478774234115, ""subsample"": 1.0, ""colsample_bytree"": 0.5824558529592258, ""min_child_weight"": 3.538181620414636, ""reg_lambda"": 3.096808274235367, ""reg_alpha"": 0.13166585753166102}",,"{""pop"": 10, ""iterations"": 2, ""b"": 1.0, ""branch_counts"": {""search"": 2, ""encircle"": 2, ""spiral"": 6}, ""random_whale"": ""per_dimension"", ""update"": ""synchronous (deviation: reference code is in-place)""}",,
ESOL,A,pso,0,20,20,20,12,0.7381426235227967,0.7381426235227967,188,188,373,0.9371797400508813,0.6948332929967251,0.7701243204491702,374,12.97994319999998,139.53682870000193,139.51781000003393,0.00047369999811053276,272.875,"{""n_estimators_max"": 697, ""max_depth"": 8, ""learning_rate"": 0.027971411477552763, ""subsample"": 0.8113436105988292, ""colsample_bytree"": 0.4598237698018241, ""min_child_weight"": 1.0971474827160193, ""reg_lambda"": 0.6639922574183388, ""reg_alpha"": 2.447699202207157}",,"{""pop"": 10, ""iterations"": 2, ""w"": 0.7, ""c1"": 1.5, ""c2"": 1.5, ""v_max"": 0.2}",,
ESOL,A,pso,1,20,20,20,10,0.7191611923305422,0.7191611923305422,188,188,373,0.9038194015289506,0.6775818769119483,0.7861985911616841,374,35.01595319999615,160.24352090001048,160.21980979996442,0.0004975000338163227,331.49609375,"{""n_estimators_max"": 601, ""max_depth"": 10, ""learning_rate"": 0.021086195783670332, ""subsample"": 0.9339591875336735, ""colsample_bytree"": 0.5832118840015742, ""min_child_weight"": 1.9993437402852563, ""reg_lambda"": 4.735400615718987, ""reg_alpha"": 0.018240833699501757}",,"{""pop"": 10, ""iterations"": 2, ""w"": 0.7, ""c1"": 1.5, ""c2"": 1.5, ""v_max"": 0.2}",,
ESOL,B,random,0,20,20,20,4,0.7652630867529273,0.7597843633486719,103,188,50,0.8944795211214688,0.6970593814565017,0.7905945178665232,51,0.7304631000006339,47.493439899990335,47.466132099943934,0.0011212000099476427,242.83984375,"{""n_estimators_max"": 343, ""max_depth"": 6, ""learning_rate"": 0.24523652420460043, ""subsample"": 0.675909664574019, ""colsample_bytree"": 0.6017929993432181, ""min_child_weight"": 1.9884161072506934, ""reg_lambda"": 8.034893786898575, ""reg_alpha"": 0.02880241472375678}",777afc95d3c5ac849c77cc6ff74ef255ae2a8d19a131b86,{},,
ESOL,B,random,1,20,20,20,13,0.7744630082994423,0.7693566253207188,96,188,215,1.0388410454879213,0.7953369141869511,0.7175474860670399,216,1.2473094999877503,55.62232569999469,55.596478799998295,0.0009849999769357964,272.38671875,"{""n_estimators_max"": 878, ""max_depth"": 5, ""learning_rate"": 0.08240512448129948, ""subsample"": 0.6082758697164716, ""colsample_bytree"": 0.6589847007075478, ""min_child_weight"": 5.667616596639811, ""reg_lambda"": 0.005083084482924091, ""reg_alpha"": 7.1872101032779865}",00fecda8abc79c51bb5e1f294197a0607d1e25f5f5c9907,{},,
ESOL,B,tpe,0,20,20,20,0,0.7448287305435376,0.7395095816073674,100,188,148,0.8825301546683286,0.6644135697753029,0.796152049145064,149,1.9708075999951689,73.95807530000457,72.84558499997365,1.0881625000038184,242.83984375,"{""n_estimators_max"": 594, ""max_depth"": 8, ""learning_rate"": 0.07768811685516966, ""subsample"": 0.7724415914984484, ""colsample_bytree"": 0.5965583595372332, ""min_child_weight"": 4.424804764191635, ""reg_lambda"": 0.05627932047415165, ""reg_alpha"": 3.6905577292137575}",61f66453d3abb97c52ff5aed52b580754411434fa9abe3d,"{""optuna_version"": ""5.0.0"", ""n_startup_trials"": 10, ""multivariate"": true, ""consider_endpoints"": false, ""constant_liar"": true, ""n_ei_candidates"": 24, ""constant_liar_effective"": false, ""study_n_jobs"": 1}",,
ESOL,B,tpe,1,20,20,20,0,0.763143998696963,0.7578248497607928,100,188,396,0.8604359211479914,0.6640702251971295,0.8062309951218505,397,10.902581000002101,81.31613139998808,79.89074419997633,1.394257300053141,272.3828125,"{""n_estimators_max"": 475, ""max_depth"": 8, ""learning_rate"": 0.010003890870040012, ""subsample"": 0.6511662863159199, ""colsample_bytree"": 0.4027291235719791, ""min_child_weight"": 1.2369114072686302, ""reg_lambda"": 0.005559565426712567, ""reg_alpha"": 0.024112537061475727}",f3a51db0ce9981d5cf07b3b6b2ba7d27e4d084bb723b2aa,"{""optuna_version"": ""5.0.0"", ""n_startup_trials"": 10, ""multivariate"": true, ""consider_endpoints"": false, ""constant_liar"": true, ""n_ei_candidates"": 24, ""constant_liar_effective"": false, ""study_n_jobs"": 1}",,
ESOL,B,gwo,0,20,20,20,4,0.7652630867529273,0.7597843633486719,103,188,50,0.8944795211214688,0.6970593814565017,0.7905945178665232,51,0.5367472000070848,62.40250299999025,62.38061949997791,0.0017692000255919993,272.63671875,"{""n_estimators_max"": 343, ""max_depth"": 6, ""learning_rate"": 0.24523652420460043, ""subsample"": 0.675909664574019, ""colsample_bytree"": 0.6017929993432181, ""min_child_weight"": 1.9884161072506934, ""reg_lambda"": 8.034893786898575, ""reg_alpha"": 0.02880241472375678}",777afc95d3c5ac849c77cc6ff74ef255ae2a8d19a131b86,"{""pop"": 10, ""iterations"": 2}",,
ESOL,B,gwo,1,20,20,20,15,0.7585328610769272,0.7536924355450123,91,188,474,0.9822817738251081,0.7522954324969148,0.7474662575656416,475,2.56191819999367,71.74215649999678,71.71292430003814,0.000858300001709722,272.875,"{""n_estimators_max"": 483, ""max_depth"": 5, ""learning_rate"": 0.03221202424959614, ""subsample"": 0.7610184133146654, ""colsample_bytree"": 0.3089130951792344, ""min_child_weight"": 1.620050885264206, ""reg_lambda"": 6.022048504299306, ""reg_alpha"": 2.064399448262439}",846f1c9a3434f4e1652c43ef4fe9f09f60d6025740a4ec9,"{""pop"": 10, ""iterations"": 2}",,
ESOL,B,woa,0,20,20,19,4,0.7652630867529273,0.7597843633486719,103,188,50,0.8944795211214688,0.6970593814565017,0.7905945178665232,51,0.5396839000022737,35.88986320000549,35.872414299985394,0.0010561999952187762,291.98828125,"{""n_estimators_max"": 343, ""max_depth"": 6, ""learning_rate"": 0.24523652420460043, ""subsample"": 0.675909664574019, ""colsample_bytree"": 0.6017929993432181, ""min_child_weight"": 1.9884161072506934, ""reg_lambda"": 8.034893786898575, ""reg_alpha"": 0.02880241472375678}",777afc95d3c5ac849c77cc6ff74ef255ae2a8d19a131b86,"{""pop"": 10, ""iterations"": 2, ""b"": 1.0, ""branch_counts"": {""search"": 3, ""encircle"": 1, ""spiral"": 6}, ""random_whale"": ""per_dimension"", ""update"": ""synchronous (deviation: reference code is in-place)""}",,
ESOL,B,woa,1,20,20,19,15,0.7836872189945675,0.7762404104839292,140,188,268,1.0283513618323674,0.7488249911539322,0.723222808437934,269,6.772835900002974,62.48741239999072,62.46333969999978,0.001059899979736656,292.1171875,"{""n_estimators_max"": 762, ""max_depth"": 8, ""learning_rate"": 0.10296982560499345, ""subsample"": 0.6124089297793532, ""colsample_bytree"": 0.9480450615137396, ""min_child_weight"": 2.8057236481531507, ""reg_lambda"": 10.0, ""reg_alpha"": 2.034351502570389}",cfeeffbd6bffedbbcc3ddffbfbecfedd7c774b7e8feef97,"{""pop"": 10, ""iterations"": 2, ""b"": 1.0, ""branch_counts"": {""search"": 1, ""encircle"": 3, ""spiral"": 6}, ""random_whale"": ""per_dimension"", ""update"": ""synchronous (deviation: reference code is in-place)""}",,
ESOL,B,pso,0,20,20,20,4,0.7652630867529273,0.7597843633486719,103,188,50,0.8944795211214688,0.6970593814565017,0.7905945178665232,51,0.5288311000040267,41.28595070001029,41.262262999953236,0.0010752000234788284,293.328125,"{""n_estimators_max"": 343, ""max_depth"": 6, ""learning_rate"": 0.24523652420460043, ""subsample"": 0.675909664574019, ""colsample_bytree"": 0.6017929993432181, ""min_child_weight"": 1.9884161072506934, ""reg_lambda"": 8.034893786898575, ""reg_alpha"": 0.02880241472375678}",777afc95d3c5ac849c77cc6ff74ef255ae2a8d19a131b86,"{""pop"": 10, ""iterations"": 2, ""w"": 0.7, ""c1"": 1.5, ""c2"": 1.5, ""v_max"": 0.2}",,
ESOL,B,pso,1,20,20,20,19,0.7632466782059194,0.758672210120813,86,188,156,0.9403612244437943,0.7240334273175856,0.768560933574336,157,1.9819784999999683,67.76694129999669,67.74219079999602,0.0009331000328529626,272.38671875,"{""n_estimators_max"": 422, ""max_depth"": 6, ""learning_rate"": 0.022075179819523207, ""subsample"": 0.6122745123215736, ""colsample_bytree"": 0.5079609309377087, ""min_child_weight"": 1.8903183648211843, ""reg_lambda"": 1.085492548620456, ""reg_alpha"": 0.09394174790334438}",846c4e6d20ec356c07be14c3d6613892019e09dd46ac54f,"{""pop"": 10, ""iterations"": 2, ""w"": 0.7, ""c1"": 1.5, ""c2"": 1.5, ""v_max"": 0.2}",,
BBBP,A,random,0,20,20,20,18,0.06346280447662944,0.06346280447662944,210,210,8,,,,9,0.44554129999596626,44.49791519998689,44.487961799954064,0.0008041999972192571,360.75390625,"{""n_estimators_max"": 466, ""max_depth"": 10, ""learning_rate"": 0.011577506046417961, ""subsample"": 0.911353140090751, ""colsample_bytree"": 0.5907688261598573, ""min_child_weight"": 6.757779005635098, ""reg_lambda"": 0.0010960194045918808, ""reg_alpha"": 0.0288525784824661}",,{},0.9137198550543546,0.9681238547947877
BBBP,A,random,1,20,20,20,0,0.061619486504279175,0.061619486504279175,210,210,58,,,,59,2.446888200007379,45.4636579999933,45.45078129999456,0.0008571999933337793,331.49609375,"{""n_estimators_max"": 561, ""max_depth"": 10, ""learning_rate"": 0.016328309660353188, ""subsample"": 0.9743247235686219, ""colsample_bytree"": 0.5182820164073398, ""min_child_weight"": 2.6504917024335812, ""reg_lambda"": 2.0455512986830136, ""reg_alpha"": 0.04333078385228663}",,{},0.9016618767962014,0.9622434450253874
BBBP,A,tpe,0,20,20,20,9,0.05227123107307441,0.05227123107307441,210,210,59,,,,60,1.868440099991858,42.7011605000007,42.41173539997544,0.2792668000329286,272.63671875,"{""n_estimators_max"": 980, ""max_depth"": 7, ""learning_rate"": 0.12358960550136176, ""subsample"": 0.5195938961271603, ""colsample_bytree"": 0.4979648738034867, ""min_child_weight"": 1.3188535151716807, ""reg_lambda"": 0.015295398277813725, ""reg_alpha"": 0.002984770033451215}",,"{""optuna_version"": ""5.0.0"", ""n_startup_trials"": 10, ""multivariate"": true, ""consider_endpoints"": false, ""constant_liar"": true, ""n_ei_candidates"": 24, ""constant_liar_effective"": false, ""study_n_jobs"": 1}",0.9030363613644883,0.9567991728176904
BBBP,A,tpe,1,20,20,20,9,0.06333113890717579,0.06333113890717579,210,210,30,,,,31,1.2897500999970362,58.819922199996654,58.51634140001261,0.2924244999885559,291.98828125,"{""n_estimators_max"": 225, ""max_depth"": 9, ""learning_rate"": 0.03867380547291956, ""subsample"": 0.5826770985584664, ""colsample_bytree"": 0.9492560062772237, ""min_child_weight"": 2.2272340615968775, ""reg_lambda"": 1.0075077894785212, ""reg_alpha"": 0.801663187901747}",,"{""optuna_version"": ""5.0.0"", ""n_startup_trials"": 10, ""multivariate"": true, ""consider_endpoints"": false, ""constant_liar"": true, ""n_ei_candidates"": 24, ""constant_liar_effective"": false, ""study_n_jobs"": 1}",0.8941646882419092,0.9570552349197634
BBBP,A,gwo,0,20,20,20,16,0.06148782093482563,0.06148782093482563,210,210,31,,,,32,0.5487968000088586,59.439312500006054,59.42787630003295,0.0005463999696075916,242.83984375,"{""n_estimators_max"": 507, ""max_depth"": 5, ""learning_rate"": 0.08042128786002013, ""subsample"": 0.76522676231862, ""colsample_bytree"": 0.4272995533494939, ""min_child_weight"": 1.269870018400579, ""reg_lambda"": 0.05985525127319537, ""reg_alpha"": 0.022528393988910853}",,"{""pop"": 10, ""iterations"": 2}",0.9030363613644883,0.9594494949520862
BBBP,A,gwo,1,20,20,20,10,0.06135615536537198,0.06135615536537198,210,210,36,,,,37,1.010489599997527,42.71806679999281,42.7088509999885,0.0005479999963426962,293.328125,"{""n_estimators_max"": 700, ""max_depth"": 10, ""learning_rate"": 0.05606707373493352, ""subsample"": 1.0, ""colsample_bytree"": 0.3583863741589207, ""min_child_weight"": 6.734161333253528, ""reg_lambda"": 0.01631463034043939, ""reg_alpha"": 0.017782977546228408}",,"{""pop"": 10, ""iterations"": 2}",0.907159815069349,0.9628871976424994
BBBP,A,woa,0,20,20,19,13,0.054904542462146155,0.054904542462146155,210,210,8,,,,9,0.4040256000007503,43.18447120000201,43.17462260001048,0.0009202000073855743,360.75390625,"{""n_estimators_max"": 467, ""max_depth"": 9, ""learning_rate"": 0.05015010846619731, ""subsample"": 0.9777205758656794, ""colsample_bytree"": 0.6327810921594161, ""min_child_weight"": 1.9636757628201904, ""reg_lambda"": 0.39639579963073374, ""reg_alpha"": 10.0}",,"{""pop"": 10, ""iterations"": 2, ""b"": 1.0, ""branch_counts"": {""search"": 0, ""encircle"": 1, ""spiral"": 9}, ""random_whale"": ""per_dimension"", ""update"": ""synchronous (deviation: reference code is in-place)""}",0.8847932025490439,0.954364529550424
BBBP,A,woa,1,20,20,19,0,0.061619486504279175,0.061619486504279175,210,210,58,,,,59,2.1722889999946347,37.71714359999169,37.708203099959064,0.0007077000045683235,272.875,"{""n_estimators_max"": 561, ""max_depth"": 10, ""learning_rate"": 0.016328309660353188, ""subsample"": 0.9743247235686219, ""colsample_bytree"": 0.5182820164073398, ""min_child_weight"": 2.6504917024335812, ""reg_lambda"": 2.0455512986830136, ""reg_alpha"": 0.04333078385228663}",,"{""pop"": 10, ""iterations"": 2, ""b"": 1.0, ""branch_counts"": {""search"": 2, ""encircle"": 2, ""spiral"": 6}, ""random_whale"": ""per_dimension"", ""update"": ""synchronous (deviation: reference code is in-place)""}",0.9016618767962014,0.9622434450253874
BBBP,A,pso,0,20,20,20,14,0.062277814351547,0.062277814351547,210,210,9,,,,10,0.29728159999649506,48.13458330000867,48.12494260001404,0.0007219999679364264,272.3828125,"{""n_estimators_max"": 307, ""max_depth"": 7, ""learning_rate"": 0.030240417659608634, ""subsample"": 0.7551209377794779, ""colsample_bytree"": 0.6172290631781503, ""min_child_weight"": 4.892015612098497, ""reg_lambda"": 0.8633244961032052, ""reg_alpha"": 0.1702867225459799}",,"{""pop"": 10, ""iterations"": 2, ""w"": 0.7, ""c1"": 1.5, ""c2"": 1.5, ""v_max"": 0.2}",0.8777958265650382,0.9401023341747827
BBBP,A,pso,1,20,20,20,0,0.061619486504279175,0.061619486504279175,210,210,58,,,,59,2.3295056999922963,39.47838439999032,39.46949700001278,0.0005992999649606645,292.1171875,"{""n_estimators_max"": 561, ""max_depth"": 10, ""learning_rate"": 0.016328309660353188, ""subsample"": 0.9743247235686219, ""colsample_bytree"": 0.5182820164073398, ""min_child_weight"": 2.6504917024335812, ""reg_lambda"": 2.0455512986830136, ""reg_alpha"": 0.04333078385228663}",,"{""pop"": 10, ""iterations"": 2, ""w"": 0.7, ""c1"": 1.5, ""c2"": 1.5, ""v_max"": 0.2}",0.9016618767962014,0.9622434450253874
BBBP,B,random,0,20,20,20,17,0.0596271669958306,0.05424621461487822,113,210,7,,,,8,0.15963259999989532,19.67437369999243,19.658800999939558,0.0008636999991722405,331.49609375,"{""n_estimators_max"": 315, ""max_depth"": 6, ""learning_rate"": 0.07996342437187214, ""subsample"": 0.5887744290837283, ""colsample_bytree"": 0.8470333223004343, ""min_child_weight"": 2.11988997891424, ""reg_lambda"": 1.0057800096981273, ""reg_alpha"": 0.45223902719845854}",254d344988c7ecc3d968395ff2aa9f7d78cc7b6b2de790c4dd18e,{},0.8934149693864799,0.9594975794344394
BBBP,B,random,1,20,20,20,18,0.06215404871626076,0.05701119157340362,108,210,28,,,,29,0.15387429999827873,19.907729300000938,19.894892099982826,0.0008371999720111489,272.63671875,"{""n_estimators_max"": 172, ""max_depth"": 3, ""learning_rate"": 0.22347657837158602, ""subsample"": 0.9342974995245307, ""colsample_bytree"": 0.6206397098529017, ""min_child_weight"": 1.738677840925626, ""reg_lambda"": 0.003409462335956342, ""reg_alpha"": 6.766148581252924}",0ae66a6cbee75f6defe474e0526441d9134f88acb232c135c792d,{},0.910908409346495,0.9616197512904017
BBBP,B,tpe,0,20,20,20,17,0.06528878648233483,0.05990783410138245,113,210,114,,,,115,1.7371031999937259,22.083277400000952,20.652144400024554,1.4168598000105703,272.38671875,"{""n_estimators_max"": 626, ""max_depth"": 9, ""learning_rate"": 0.02044191616205193, ""subsample"": 0.9452724985653633, ""colsample_bytree"": 0.44930736072707794, ""min_child_weight"": 2.903642913533057, ""reg_lambda"": 1.5068532928050127, ""reg_alpha"": 0.2298852942711324}",3ad4e01ceda95fcddddb3dad8333859140f9c91bef2eadf1c4603,"{""optuna_version"": ""5.0.0"", ""n_startup_trials"": 10, ""multivariate"": true, ""consider_endpoints"": false, ""constant_liar"": true, ""n_ei_candidates"": 24, ""constant_liar_effective"": false, ""study_n_jobs"": 1}",0.9095339247782082,0.9657937011574929
BBBP,B,tpe,1,20,20,20,4,0.06686043449637917,0.06214614878209346,99,210,286,,,,287,0.8231458999944152,18.49298439999984,17.080440700010513,1.3977929999527987,293.328125,"{""n_estimators_max"": 480, ""max_depth"": 3, ""learning_rate"": 0.08341359134875198, ""subsample"": 0.5239962820244337, ""colsample_bytree"": 0.4992367167048595, ""min_child_weight"": 1.1508975912605215, ""reg_lambda"": 0.6517444242564547, ""reg_alpha"": 0.4718725024867084}",226f6939bd978c43cb8360ead764a2d0f90828ac0c8b755a74154,"{""optuna_version"": ""5.0.0"", ""n_startup_trials"": 10, ""multivariate"": true, ""consider_endpoints"": false, ""constant_liar"": true, ""n_ei_candidates"": 24, ""constant_liar_effective"": false, ""study_n_jobs"": 1}",0.8922903911033362,0.9451710358520247
BBBP,B,gwo,0,20,20,20,9,0.07434298880842659,0.06991441737985515,93,210,46,,,,47,0.34524720000626985,18.588425100009772,18.575586899969494,0.0005994000239297748,331.49609375,"{""n_estimators_max"": 191, ""max_depth"": 5, ""learning_rate"": 0.013984221606957696, ""subsample"": 0.956915731190797, ""colsample_bytree"": 0.3058705605732995, ""min_child_weight"": 2.2439417435238123, ""reg_lambda"": 0.004239201202755581, ""reg_alpha"": 0.07378694133617922}",3734157166f42caaad811494ae192a10e82091baae4194c5a7873,"{""pop"": 10, ""iterations"": 2}",0.9065350493564912,0.9601160842408928
BBBP,B,gwo,1,20,20,20,10,0.06098025016458203,0.055694535878867746,111,210,370,,,,371,3.9585215999977663,34.30871140000818,34.29271640002844,0.00122079998254776,291.98828125,"{""n_estimators_max"": 689, ""max_depth"": 7, ""learning_rate"": 0.018638508731119732, ""subsample"": 1.0, ""colsample_bytree"": 0.6417575802063874, ""min_child_weight"": 4.623667045652453, ""reg_lambda"": 0.001, ""reg_alpha"": 2.1972763038600505}",2cda5ab75f5b387f28b0f72866b305f4134e1b1cc2aeee6af8869,"{""pop"": 10, ""iterations"": 2}",0.9169061601899289,0.9684479034573407
BBBP,B,woa,0,20,20,20,9,0.07434298880842659,0.06991441737985515,93,210,46,,,,47,0.3325396999862278,19.57196080000722,19.558879699994577,0.0008653000404592603,242.83984375,"{""n_estimators_max"": 191, ""max_depth"": 5, ""learning_rate"": 0.013984221606957696, ""subsample"": 0.956915731190797, ""colsample_bytree"": 0.3058705605732995, ""min_child_weight"": 2.2439417435238123, ""reg_lambda"": 0.004239201202755581, ""reg_alpha"": 0.07378694133617922}",3734157166f42caaad811494ae192a10e82091baae4194c5a7873,"{""pop"": 10, ""iterations"": 2, ""b"": 1.0, ""branch_counts"": {""search"": 4, ""encircle"": 4, ""spiral"": 2}, ""random_whale"": ""per_dimension"", ""update"": ""synchronous (deviation: reference code is in-place)""}",0.9065350493564912,0.9601160842408928
BBBP,B,woa,1,20,20,19,19,0.07133706385780118,0.06662277814351547,99,210,35,,,,36,0.3831172000063816,21.457093200006057,21.44487669998489,0.0005956999957561493,272.875,"{""n_estimators_max"": 720, ""max_depth"": 7, ""learning_rate"": 0.01753803532393293, ""subsample"": 1.0, ""colsample_bytree"": 0.459121974488398, ""min_child_weight"": 3.4656599347143193, ""reg_lambda"": 0.007111678061730176, ""reg_alpha"": 1.0327694570787924}",3c4a5c525c4a2bb928f5a6bcb66110e67b8b8fb0c864809c21fe0,"{""pop"": 10, ""iterations"": 2, ""b"": 1.0, ""branch_counts"": {""search"": 2, ""encircle"": 2, ""spiral"": 6}, ""random_whale"": ""per_dimension"", ""update"": ""synchronous (deviation: reference code is in-place)""}",0.903911033362489,0.9628671725541988
BBBP,B,pso,0,20,20,20,13,0.06691924511740183,0.062014483212639915,103,210,58,,,,59,0.8263925999926869,18.431777499994496,18.41843589997734,0.0006329000170808285,272.63671875,"{""n_estimators_max"": 831, ""max_depth"": 8, ""learning_rate"": 0.01601865693607976, ""subsample"": 0.6046951848105913, ""colsample_bytree"": 0.49849506499644725, ""min_child_weight"": 2.193592436520293, ""reg_lambda"": 1.2072511478384198, ""reg_alpha"": 0.012179638216272487}",3fc014b862342e84c4e191940e6b3ae58a5d989ffd575cf134713,"{""pop"": 10, ""iterations"": 2, ""w"": 0.7, ""c1"": 1.5, ""c2"": 1.5, ""v_max"": 0.2}",0.8967887042359115,0.9559332721215011
BBBP,B,pso,1,20,20,20,10,0.06481259600614436,0.05990783410138245,103,210,124,,,,125,1.976361100008944,24.708986700003152,24.692975700017996,0.0006696000054944307,360.75390625,"{""n_estimators_max"": 714, ""max_depth"": 9, ""learning_rate"": 0.01791031047072772, ""subsample"": 0.9818770502394945, ""colsample_bytree"": 0.37828201640733977, ""min_child_weight"": 2.6365615863586553, ""reg_lambda"": 0.3241980328112696, ""reg_alpha"": 0.027118506221684595}",0e93503549436bf8acb0efa0f46114e1754f1b98f2ed30b6392e4,"{""pop"": 10, ""iterations"": 2, ""w"": 0.7, ""c1"": 1.5, ""c2"": 1.5, ""v_max"": 0.2}",0.9229039110333626,0.9679629862196836
